subnational1,subnational2,year,gross_emissions_Mg_CO2e,total_loss_ha,robust_z,wildfire_share,likely_cause
Kalimantan Tengah,Kapuas,2016,85802816,74487.0,3.0406269456954815,0.7640662128859524,Kebakaran
Kalimantan Tengah,Katingan,2016,65501110,64312.0,3.9041822156268204,0.7112047518237467,Kebakaran
Riau,Kepulauan Meranti,2014,55793939,42106.0,3.080808365730058,0.6567947560761698,Kebakaran
Kalimantan Tengah,Katingan,2007,50500067,44197.0,3.432570696703999,0.6991424757178283,Kebakaran
Jambi,Muaro Jambi,2016,47399784,40669.0,3.3476580054651492,0.6803462096269801,Kebakaran
Kalimantan Tengah,Barito Selatan,2016,27486206,31035.0,4.08525099671909,0.8926051232191846,Kebakaran
Kalimantan Tengah,Barito Selatan,2007,23858941,15291.0,3.837195973738176,0.8105421489235143,Kebakaran
Sulawesi Tengah,Tojo Una-Una,2015,16741391,29659.0,3.7470810704210655,0.5429043460486562,Kebakaran
Riau,Kuantan Singingi,2012,13839343,17257.0,3.025423582228249,0.0,Agrikultur/Sawit
Maluku,Seram Bagian Timur,2015,9406144,15055.0,3.495853162910961,0.6116904682423321,Kebakaran
Maluku Utara,Halmahera Timur,2015,9022639,13754.0,4.208573713173384,0.47782463279934384,Kebakaran
Aceh,Aceh Barat Daya,2009,4714623,7358.0,3.6387142078877064,0.0,Agrikultur/Sawit
Sulawesi Utara,Bolaang Mongondow Utara,2015,4214139,6347.0,4.225386271104302,0.0762564991214343,Agrikultur/Sawit
Papua Barat,Raja Ampat,2015,3117652,4174.0,3.9143845850332766,0.15021562047191767,Pembalakan
Jawa Barat,Tasikmalaya,2001,1097728,1324.0,4.109880189987986,0.0,Agrikultur/Sawit
Sumatera Utara,Nias,2025,704981,1192.0,3.161226359633859,0.0,Agrikultur/Sawit
Kalimantan Timur,Bontang,2016,673793,1467.0,3.709308065891554,0.05589638714662822,Agrikultur/Sawit
Papua,Lanny Jaya,2010,563248,850.0,3.3387362188320373,0.042352941126643597,Agrikultur/Sawit
Papua,Lanny Jaya,2015,521792,817.0,3.1052781702356635,0.01713586289212257,Agrikultur/Sawit
Bali,Jembrana,2019,330135,536.0,3.6435800069959283,0.0,Agrikultur/Sawit
