model,h,MAE,R2
HistGB-lag,1,1073509.778219203,0.5044992958400455
HistGB-lag,2,737648.1269283098,0.7474309481897816
HistGB-lag,3,1009266.037800849,0.5234750316720103
HistGB-lag,4,1059194.6803751187,0.5868575343905654
HistGB-lag,5,1077413.676550686,-0.1273225139062127
Naive: 3-yr mean,1,1126260.8373574782,0.3135267787294394
Naive: 3-yr mean,2,948756.3051643195,0.13854283813424323
Naive: 3-yr mean,3,1143747.7149564049,-0.5979939519499996
Naive: 3-yr mean,4,1297060.676559356,-0.4035177017202702
Naive: 3-yr mean,5,1057873.0769617707,-0.45381488184028534
Naive: last year,1,1127627.8405432596,0.3604035949244241
Naive: last year,2,919965.9471830986,0.435825094853574
Naive: last year,3,1151515.9109657947,0.09435600265151659
Naive: last year,4,1167083.2575452717,0.26677156135561825
Naive: last year,5,1211957.416498994,-0.9056750760019829
