subnational1,subnational2,cum_L,Mg_CO2e_per_ha_lost,density_aboveground,intensity_vs_aboveground_expectation
Kalimantan Selatan,Hulu Sungai Utara,11574.0,1065.3400725764645,35,8.237165509611838
Sumatera Selatan,Ogan Komering Ilir,752039.0,1068.9749520968992,39,7.423437167339578
Kalimantan Selatan,Barito Kuala,43955.0,595.7600045501081,27,5.9576000455010805
Kalimantan Tengah,Pulang Pisau,335682.0,1128.8535727265687,65,4.716658381865885
Kalimantan Selatan,Tapin,61389.0,733.6185635863103,43,4.623646409157418
Riau,Indragiri Hilir,493463.0,1034.2314459240106,71,3.9575182879745308
Riau,Kepulauan Meranti,131295.0,1260.2102441067825,91,3.7655684584864018
Jambi,Tanjung Jabung T,165906.0,1002.391655515774,76,3.584237147255449
Lampung,Tulangbawang,26232.0,480.9196782555657,37,3.518924475040725
Sumatera Selatan,Banyu Asin,356777.0,727.0739817869426,58,3.4028423484568298
Riau,Dumai,138964.0,1142.4986687199562,92,3.3768433558225306
Riau,Bengkalis,438225.0,1143.9999840264704,95,3.274809114579591
Kalimantan Barat,Kubu Raya,318775.0,1084.5636232452357,92,3.2056067682125193
Sumatera Selatan,Palembang,3427.0,442.54654216515905,39,3.0732398761469377
Riau,Siak,434571.0,1086.9801482381474,100,2.956428327030319
Kalimantan Selatan,Hulu Sungai Selatan,18999.0,716.6734038633613,66,2.9492732669274124
Riau,Rokan Hilir,519025.0,896.69276817109,84,2.9019183435957605
Lampung,Mesuji,39931.0,417.7604117102001,39,2.901113970209723
Riau,Pelalawan,720885.0,1128.3843178870416,108,2.842277878808669
Kalimantan Barat,Pontianak,74871.0,955.8263413070481,95,2.736144106794985
Kalimantan Tengah,Sukamara,118478.0,711.2650787487972,72,2.684019165089801
Jambi,Tanjung Jabung B,268978.0,898.3943482366587,94,2.599019329517817
Bangka Belitung,Pangkalpinang,2564.0,541.9684087363495,57,2.580801946363569
Jambi,Muaro Jambi,293823.0,868.4242384020312,92,2.5667711479862994
Kalimantan Tengah,Palangka Raya,74818.0,858.7111390307145,91,2.5658699373427725
Kalimantan Selatan,Banjar Baru,4927.0,509.43007915567284,54,2.5599501465109187
Sumatera Selatan,Musi Banyuasin,805751.0,775.1742635131696,83,2.5387803390169315
Kalimantan Selatan,Tanah Laut,73300.0,668.6282946793997,78,2.3297153124717758
Sumatera Selatan,Ogan Ilir,64976.0,444.9313900517114,52,2.32138116548719
Kalimantan Tengah,Barito Selatan,133861.0,871.682267426659,103,2.3019778189084303
Kalimantan Barat,Kayong Utara,145572.0,907.3984488775313,110,2.2441841274794676
Jawa Timur,Kediri,3550.0,641.2681690140845,78,2.234383864160573
Lampung,Lampung Timur,13557.0,623.5331563030169,76,2.2295583658033977
Jawa Timur,Tuban,2313.0,490.02983138780803,60,2.2173295537909867
Lampung,Tulang Bawang Barat,12368.0,472.72517787839587,58,2.2124423301640994
Kepulauan Riau,Tanjungpinang,2522.0,472.434179222839,58,2.211080401978966
Jawa Barat,Indramayu,2042.0,505.6341821743389,64,2.145548156326756
Kalimantan Tengah,Kotawaringin Barat,324320.0,751.3574463492846,96,2.128491349431401
Kalimantan Tengah,Kapuas,456083.0,911.6652451417834,117,2.1201517328878685
Kalimantan Tengah,Kotawaringin Timur,660559.0,685.8612796131761,88,2.1190358793404
Jawa Timur,Ponorogo,3573.0,761.2692415337251,98,2.1126805963008097
Jawa Timur,Sumenep,2299.0,551.7194432361897,71,2.1111713389139912
Jawa Timur,Ngawi,3275.0,652.1712977099237,84,2.1105867239803358
Kalimantan Barat,Sambas,235588.0,739.8365960914817,96,2.0958543798625544
Sumatera Selatan,Muara Enim,420837.0,632.2106848970029,82,2.0957260272828826
Jawa Timur,Tulungagung,4493.0,647.409748497663,84,2.0951771796040877
Jawa Barat,Karawang,2135.0,562.3292740046838,73,2.0930370000174334
Bengkulu,Kepahiang,6667.0,684.3442327883606,89,2.090664662286234
Jawa Tengah,Cilacap,6742.0,711.7402847819639,93,2.0811119438069117
Kalimantan Timur,Bontang,4647.0,489.2425220572412,64,2.0759937286728767
Bangka Belitung,Bangka Selatan,169512.0,549.2184034168672,72,2.072522277044782
Jawa Timur,Trenggalek,3914.0,720.0482881962187,95,2.0612069318594046
Papua,Mappi,60059.0,816.5306615161758,108,2.0567522960105182
Jambi,Jambi,2496.0,500.4699519230769,67,2.0289322375259875
Kalimantan Barat,Singkawang,12858.0,594.3421216363354,80,2.0192824064654658
Sulawesi Selatan,Wajo,14925.0,547.6170854271356,74,2.010833851017634
Jawa Timur,Bojonegoro,5572.0,532.6001435750179,72,2.009811862547237
Jawa Tengah,Grobogan,6169.0,635.3400875344464,86,2.008451277769588
Jawa Timur,Nganjuk,2473.0,590.3291548726244,80,2.005648317800536
Bangka Belitung,Bangka Tengah,106985.0,542.3354862831238,74,1.991439974111838
Jawa Tengah,Blora,6470.0,635.738485316847,87,1.986682766615147
Sumatera Selatan,Prabumulih,20334.0,511.72617291236355,70,1.986000671069975
Jawa Tengah,Semarang,2009.0,621.2488800398208,87,1.9414027501244402
Nusa Tenggara Timur,Sumba Barat,4954.0,670.627573677836,94,1.9400990559628815
Kalimantan Tengah,Katingan,387674.0,837.4317158230884,118,1.93104930627922
Kalimantan Barat,Bengkayang,249189.0,780.3957518189005,110,1.930080177623002
Sumatera Utara,Labuhanbatu,124092.0,511.12273152177414,72,1.9287650246104684
Jawa Tengah,Jepara,3843.0,666.5269320843091,94,1.9282360619603927
Kalimantan Timur,Samarinda,19165.0,481.2353248108531,68,1.9223781284055383
Papua Barat,Sorong Selatan,30856.0,960.3395449831476,136,1.92196039689756
Lampung,Pringsewu,6364.0,621.2581709616593,88,1.9194382213027577
Jawa Barat,Sukabumi,18762.0,668.1044664747894,95,1.9125127857102753
Sulawesi Utara,Minahasa Tenggara,5574.0,890.6350914962325,127,1.9085037674919265
Lampung,Way Kanan,71087.0,579.9673498670643,83,1.8994563860275033
Sumatera Selatan,Ogan Komering Ulu Timur,70741.0,502.02596796765664,72,1.8944376149722892
Sulawesi Selatan,Soppeng,9895.0,679.2058615462355,98,1.8849376361135122
Sumatera Selatan,Lubuklinggau,10051.0,692.0227838026067,100,1.8822015878584042
Kalimantan Tengah,Seruyan,452706.0,702.6203098699818,102,1.873654159653285
Jawa Tengah,Banyumas,2177.0,734.5457050987598,107,1.8674890807595588
Lampung,Pesawaran,10829.0,638.0114507341398,93,1.865530557702163
Jawa Barat,Purwakarta,2907.0,617.0619195046439,90,1.8642354063584408
Nusa Tenggara Timur,Sumba Barat Daya,9668.0,616.7336574265619,90,1.8632436780258668
Jawa Tengah,Pemalang,3766.0,683.8236856080722,100,1.859901230121683
Kalimantan Selatan,Banjar,83461.0,663.0632031727393,97,1.8590557098301101
Bangka Belitung,Bangka,140513.0,519.1268921736779,76,1.856234417784307
Jambi,Batang Hari,303342.0,729.8147668308378,107,1.855461271603825
Kalimantan Timur,Penajam Paser Utara,151099.0,749.6441405965625,110,1.8540250797936417
Kepulauan Riau,Batam,32395.0,610.3089056953233,90,1.8438335519496174
Riau,Pekanbaru,16236.0,441.2620103473762,65,1.8437131351561677
Sulawesi Selatan,Bone,35883.0,636.1433826603127,94,1.8403376547550028
Jawa Barat,Tasikmalaya,8348.0,737.0929563967418,109,1.8396662805243138
Sumatera Selatan,Lahat,127931.0,696.1689269997108,103,1.838474279048532
Sulawesi Selatan,Bulukumba,5535.0,625.5253839205059,93,1.8290215904108358
Jawa Tengah,Tegal,2728.0,678.0509530791788,101,1.8259899993155626
Jawa Barat,Garut,10412.0,757.6715328467153,113,1.824249276516971
Jawa Timur,Madiun,2159.0,569.7707271885132,85,1.8222944366370357
Jawa Timur,Lumajang,4370.0,682.0070938215104,102,1.8186855835240276
Papua,Merauke,173133.0,680.4392634564178,102,1.8145047025504475
Sulawesi Utara,Minahasa Utara,9052.0,723.1924436588599,109,1.804972821111963
Kepulauan Riau,Bintan,28428.0,451.5518151118616,68,1.8038021908596333
Jawa Tengah,Kendal,2925.0,616.5282051282052,93,1.8027140500824712
Sumatera Utara,Samosir,15745.0,799.9636710066687,121,1.7990187503898096
Lampung,Lampung Utara,28308.0,599.5067472092695,91,1.7913548223384546
Jawa Tengah,Batang,4893.0,683.4154915184959,104,1.7874860283831628
Lampung,Lampung Selatan,21372.0,578.1544544263522,88,1.7862650497209647
Jawa Timur,Probolinggo,2479.0,668.3828156514724,102,1.782354175070593
Jawa Barat,Subang,5321.0,615.9552715654952,94,1.7819342475375946
Kepulauan Riau,Karimun,21269.0,550.5908129202126,84,1.781847291003924
Jawa Timur,Malang,10493.0,687.2216715905842,105,1.780367024846073
Jawa Barat,Ciamis,8033.0,724.1930785509772,111,1.7749830356641598
Jawa Barat,Cianjur,10606.0,658.0818404676598,101,1.7722132149039314
Sulawesi Utara,Bitung,2270.0,806.7740088105727,124,1.7705354984869919
Aceh,Aceh Utara,64387.0,670.2762514172116,103,1.770095734376439
Kalimantan Barat,Sanggau,534115.0,644.2327588627917,99,1.7698702166560212
Jawa Timur,Blitar,4371.0,591.121940059483,91,1.7663006177076184
Kalimantan Barat,Landak,371258.0,707.1695343938717,109,1.7649821989863685
Kalimantan Tengah,Barito Timur,112478.0,641.9473408133146,99,1.763591595640974
Kalimantan Selatan,Tanah Bumbu,183558.0,674.0487475348391,104,1.7629871339184982
Jawa Timur,Jember,16873.0,705.5130682154922,109,1.7608479239987327
Lampung,Tanggamus,26608.0,640.2421076368009,99,1.7589068891120905
Riau,Indragiri Hulu,402009.0,779.7039643391068,121,1.7534571911674066
Sumatera Selatan,Empat Lawang,52990.0,676.3495187771277,105,1.7522008258474813
Nusa Tenggara Timur,Belu,7908.0,502.3571067273647,78,1.7503731941720024
Sulawesi Tenggara,Wakatobi,2622.0,546.5217391304348,85,1.7479373319736717
Aceh,Aceh Singkil,75081.0,691.6729532105326,108,1.7422492524194775
Kepulauan Riau,Natuna,31599.0,543.2776986613501,85,1.737561936017111
Sulawesi Utara,Minahasa,5792.0,700.8466850828729,110,1.7333388748958112
Jawa Timur,Bondowoso,5904.0,694.0318428184282,109,1.7321926193471586
Sumatera Utara,Nias Utara,13322.0,585.8412400540459,92,1.731550463213929
Riau,Rokan Hulu,357379.0,666.8605961738099,105,1.7276181248026163
Sumatera Barat,Sawahlunto,2828.0,786.9434229137199,124,1.7270155586987268
Sumatera Utara,Nias Barat,2710.0,582.3959409594096,92,1.721367313180521
Kalimantan Barat,Ketapang,995906.0,681.6636007815998,108,1.7170367777874052
Sumatera Selatan,Ogan Komering Ulu Selatan,86461.0,637.1599565121846,101,1.7158706189735673
Banten,Pandeglang,22833.0,638.4181666885648,102,1.7024484445028396
Bengkulu,Bengkulu Tengah,35490.0,612.3705832628909,98,1.699455827741603
Jawa Barat,Sumedang,6220.0,666.2046623794212,107,1.693740667066325
Jawa Tengah,Brebes,3826.0,665.9046001045479,107,1.6929777968759692
Kalimantan Timur,Kutai Kartanegara,715172.0,638.9280942206909,103,1.6873101079771766
Jawa Tengah,Pekalongan,3001.0,730.2072642452516,118,1.683798457137398
Bengkulu,Rejang Lebong,26017.0,677.0843679132875,110,1.6745697475184356
Sumatera Selatan,Pagar Alam,5118.0,639.65748339195,104,1.6730361379039669
Nusa Tenggara Timur,Ngada,2375.0,578.1684210526316,94,1.6726183829873624
Bangka Belitung,Belitung,90732.0,602.498567208923,98,1.6720589284243932
Jambi,Tebo,335827.0,674.6075509116301,110,1.66844406655803
Nusa Tenggara Timur,Timor Tengah Utara,8258.0,507.6081375635747,83,1.662472066256249
Jawa Timur,Banyuwangi,20595.0,659.2702597717893,108,1.660630377258915
Kalimantan Timur,Balikpapan,11184.0,542.0079577968527,89,1.6558287916400796
Sumatera Utara,Nias,6703.0,577.9682231836491,95,1.6544891885028123
Sumatera Selatan,Musi Rawas,488524.0,654.521223112887,108,1.6486680682944257
Kalimantan Barat,Sekadau,227570.0,563.7041745397021,93,1.6482578202915266
Papua,Mimika,49432.0,924.859321896747,153,1.6456571563999056
Sumatera Barat,Tanah Datar,6494.0,753.6227286726208,125,1.64068808854707
Banten,Lebak,29090.0,608.7863870745961,101,1.6394606474181224
Sulawesi Tenggara,Muna,69639.0,548.3391490400494,91,1.6384635927491515
Sulawesi Selatan,Luwu,48946.0,659.4945858701426,110,1.6310665767604517
Sulawesi Utara,Minahasa Selatan,9136.0,777.5354640980736,130,1.627778361684732
Sumatera Utara,Dairi,29097.0,693.7275664157817,116,1.627195230060473
Sulawesi Selatan,Kepulauan Selayar,8862.0,638.7764612954186,107,1.6240079524459796
Sumatera Barat,Pesisir Selatan,145868.0,857.7386884032138,144,1.621434193578854
Papua,Mamberamo Raya,23825.0,878.03685204617,148,1.6150279314153955
Kalimantan Selatan,Hulu Sungai Tengah,20889.0,682.5520130212074,115,1.6148706932678407
Bangka Belitung,Bangka Barat,139902.0,457.40739946534,77,1.6143790569364942
Aceh,Bireuen,28687.0,693.3112211106076,117,1.612351677001413
Nusa Tenggara Barat,Lombok Barat,5981.0,651.5552583180071,110,1.6114309768788304
Bengkulu,Seluma,65422.0,686.8238513038427,116,1.6110019968033842
Sulawesi Barat,Polewali Mandar,27457.0,698.1848708890265,119,1.596459308435274
Lampung,Lampung Tengah,23961.0,457.48816827344433,78,1.5940354295241963
Sulawesi Selatan,Palopo,2813.0,608.7739068610025,104,1.5922595645884983
Sulawesi Selatan,Gowa,6879.0,637.9177205989242,109,1.5921407336079638
Sulawesi Tenggara,Konawe Selatan,93087.0,666.9132102226949,114,1.5916783060207516
Sumatera Utara,Nias Selatan,22167.0,624.4590607660035,107,1.5876077816084837
Lampung,Lampung Barat,47431.0,703.9464274419684,121,1.583087917785536
Nusa Tenggara Timur,Sumba Timur,12740.0,540.4193092621664,93,1.5801734188952234
Sulawesi Tengah,Banggai Kepulauan,55109.0,679.2936725398755,117,1.5797527268369198
Bengkulu,Bengkulu Selatan,37997.0,747.6621312208858,129,1.5773462683984933
Sulawesi Selatan,Maros,6456.0,637.5077447335811,110,1.576688569003086
Jawa Barat,Bogor,10800.0,556.5035185185185,96,1.5764972195992024
Nusa Tenggara Timur,Sumba Tengah,2077.0,567.2835820895523,98,1.5743300150496364
Sulawesi Tenggara,Bombana,49547.0,692.682866772963,120,1.5707094484647688
Sumatera Selatan,Ogan Komering Ulu,138676.0,553.7649124578153,96,1.5687391287756807
Sumatera Utara,Padang Lawas,129400.0,748.9045363214838,130,1.5678392246786121
Jawa Barat,Majalengka,2306.0,574.6123156981787,100,1.5628621460512566
Nusa Tenggara Timur,Manggarai Barat,9660.0,588.260248447205,103,1.553504177237337
Nusa Tenggara Timur,Timor Tengah Selatan,23473.0,482.464959740979,85,1.5430649032227473
Nusa Tenggara Timur,Ende,7810.0,571.3797695262484,101,1.5387246935177248
Sulawesi Tenggara,Kendari,5772.0,576.7439362439362,102,1.53798382998383
Jambi,Bungo,170681.0,672.4313309624387,119,1.5375716409202105
Gorontalo,Gorontalo,32005.0,728.197437900328,129,1.536281514557654
Nusa Tenggara Timur,Sikka,5581.0,551.8129367496864,98,1.531395754161942
Sumatera Barat,Padang Pariaman,9926.0,678.4245416078985,121,1.5256923724315559
Sulawesi Tenggara,Bau-Bau,4450.0,598.7494382022472,107,1.522244334412493
Nusa Tenggara Timur,Manggarai Timur,7941.0,570.7072157159048,102,1.5218859085757461
Nusa Tenggara Barat,Bima,24722.0,589.9689750020225,106,1.5140350085595102
Sumatera Utara,Tapanuli Selatan,90307.0,745.0803149257532,134,1.5133655685695733
Nusa Tenggara Barat,Dompu,25987.0,605.8302997652672,109,1.5120556566520813
Sulawesi Selatan,Barru,4106.0,638.9831953239162,115,1.5117898942994863
Nusa Tenggara Timur,Kupang,22530.0,444.73972481136263,80,1.511006992564086
Sumatera Utara,Humbang Hasundutan,38028.0,731.426974860629,132,1.5080968553827403
Nusa Tenggara Barat,Lombok Utara,2292.0,672.0964223385689,122,1.499099826777477
Papua,Asmat,13891.0,747.9315384061623,136,1.4968609841350813
Nusa Tenggara Timur,Manggarai,4239.0,566.554847841472,103,1.4961835770461407
Bengkulu,Bengkulu Utara,117242.0,714.5820780948807,130,1.4959848110848861
Sulawesi Barat,Mamuju Utara,78470.0,702.244794188862,128,1.493078938743151
Maluku,Tual,3569.0,598.0078453348277,109,1.492532059903896
Papua,Nabire,58145.0,887.4856479490928,162,1.4915725175615004
Maluku Utara,Halmahera Barat,15244.0,798.6622933613224,146,1.4891155252230996
Bangka Belitung,Belitung Timur,83238.0,481.43315552992624,88,1.4874350840265484
Papua Barat,Teluk Bintuni,55709.0,834.9378556427148,153,1.4856545474069658
Bengkulu,Kaur,58330.0,763.3701525801474,140,1.484193426921868
Riau,Kampar,470411.0,571.9570184370689,105,1.4817539337747898
Sulawesi Utara,Bolaang Mongondow Timur,12732.0,721.0673107131637,133,1.4755811269710033
Sulawesi Tengah,Toli-Toli,51323.0,764.173450499776,141,1.475238321428139
Aceh,Subulussalam,53151.0,677.423171718312,125,1.4747964551196924
Sulawesi Selatan,Pinrang,17360.0,600.006970046083,111,1.4706053187403996
Sulawesi Tenggara,Buton,39799.0,589.0962084474485,109,1.470290037722417
Kalimantan Selatan,Tabalong,71295.0,723.779395469528,134,1.4701003293219934
Jambi,Merangin,223817.0,696.7000585299597,129,1.4698313471096196
Kalimantan Timur,Paser,331259.0,684.6825323991197,127,1.4671768551409707
Kalimantan Selatan,Balangan,45258.0,657.5052366432454,122,1.466554431174525
Aceh,Aceh Barat,75160.0,639.2206758914316,119,1.461632643044432
Sumatera Utara,Tapanuli Tengah,59156.0,616.4184698086416,115,1.4584033197365336
Kalimantan Timur,Kutai Timur,955538.0,631.9870292965848,118,1.457310597916798
Sumatera Utara,Karo,28048.0,610.5356531660011,114,1.4571256638806709
Sulawesi Utara,Kepulauan Talaud,5913.0,668.1840013529511,125,1.4546821509861054
Maluku Utara,Halmahera Utara,33096.0,746.3704072999758,140,1.4511414270252283
Kepulauan Riau,Lingga,36513.0,597.882945800126,113,1.4395255516856966
Bali,Jembrana,2957.0,628.6168413933041,119,1.4373860702590795
Sulawesi Selatan,Luwu Timur,108322.0,706.957866361404,134,1.4359333778498389
Sulawesi Tengah,Parigi Moutong,92962.0,678.8655902411738,129,1.432205886584755
Sulawesi Barat,Majene,9425.0,684.0557029177719,130,1.432077535766445
Sumatera Barat,Lima Puluh Kota,44847.0,694.0457555689344,132,1.4310221764307927
Riau,Kuantan Singingi,275108.0,635.3035934978263,121,1.4287187260071057
Papua Barat,Sorong,56302.0,853.9013711768677,163,1.4263385932798458
Kalimantan Barat,Melawi,216667.0,665.5638929786262,127,1.4262083420970562
Aceh,Bener Meriah,24449.0,670.1426643216491,128,1.4248249418603456
Sulawesi Utara,Bolaang Mongondow,29333.0,746.292469232605,143,1.4206074921940448
Jambi,Sarolangun,260581.0,594.4955234648727,114,1.418843731419744
Papua,Sarmi,23979.0,847.7844780849911,163,1.4161210658435264
Aceh,Simeulue,18107.0,624.3177224277904,120,1.4156864454144906
Maluku,Kepulauan Aru,19137.0,696.9023880441031,134,1.4155092512744138
Jawa Barat,Bandung,4573.0,546.2298272468839,105,1.4151031793960724
Sulawesi Tengah,Palu,3051.0,617.1297935103245,119,1.411119954672998
Sulawesi Selatan,Tana Toraja,8923.0,605.002801748291,117,1.4069832598797465
Nusa Tenggara Timur,Flores Timur,8865.0,501.3132543711224,97,1.4055511804797824
Maluku Utara,Halmahera Selatan,85552.0,784.6453268187769,152,1.405334913705272
Nusa Tenggara Timur,Lembata,2287.0,489.74114560559684,95,1.401930760321365
Sulawesi Tenggara,Kolaka Utara,48093.0,741.6028112199281,144,1.401895673383607
Kalimantan Selatan,Kota Baru,340783.0,530.6140945997893,103,1.4012696160205702
Sumatera Utara,Toba Samosir,28913.0,606.7592778335005,118,1.399137458493852
Sumatera Barat,Sijunjung,72313.0,765.3890725042523,149,1.398396600190473
Papua,Boven Digoel,75160.0,784.7416977115487,153,1.3963375404120084
Sulawesi Tenggara,Kolaka,126157.0,736.1628050762146,144,1.3916121078945456
Maluku Utara,Pulau Morotai,16018.0,745.7997877387938,146,1.3905527428318094
Sulawesi Utara,Bolaang Mongondow Selatan,22016.0,745.2760719476744,146,1.3895762683921833
Sulawesi Selatan,Enrekang,18084.0,637.7155496571555,125,1.388350253244896
Sumatera Utara,Padang Lawas Utara,96225.0,561.3461366588724,110,1.3883251524951503
Maluku,Maluku Tenggara Barat,30929.0,693.3018849623331,136,1.387528789117411
Sumatera Utara,Mandailing Natal,173839.0,698.0037966164094,137,1.386762509833926
Sulawesi Tengah,Donggala,59068.0,718.3080009480599,141,1.3866949825252122
Sumatera Barat,Pasaman,56542.0,733.4633193024654,144,1.3865091102126
Nusa Tenggara Timur,Alor,9124.0,509.41999123191584,100,1.3855484802318654
Sumatera Utara,Pakpak Barat,15425.0,763.3483954619124,150,1.3853872875896778
Sumatera Barat,Padang,3664.0,732.6372816593887,144,1.384947602380697
Gorontalo,Gorontalo Utara,31040.0,691.5436211340207,136,1.3840099155450714
Maluku Utara,Kepulauan Sula,52611.0,719.6286137879911,142,1.3794797708395996
Kalimantan Tengah,Lamandau,272961.0,711.8283967306685,141,1.3741860940746495
Aceh,Aceh Besar,24210.0,629.4403552251135,125,1.3703345904755737
Kepulauan Riau,Kepulauan Anambas,4132.0,629.1878025169409,125,1.3697847660020486
Sulawesi Tenggara,Buton Utara,25432.0,669.125825731362,133,1.3692888657531284
Kalimantan Timur,Berau,506181.0,764.2484210193587,152,1.3688031421242244
Sumatera Barat,Solok,15925.0,722.2904238618524,144,1.3653883248806284
Sulawesi Barat,Mamuju,148077.0,701.0139792135172,140,1.362956537680202
Sumatera Utara,Deli Serdang,37438.0,495.37453923820715,99,1.3609190638412285
Sulawesi Barat,Mamasa,22705.0,677.3471041620788,136,1.3555979402843472
Maluku Utara,Tidore Kepulauan,6932.0,745.7313906520485,150,1.3534145020908321
Maluku,Maluku Barat Daya,11735.0,605.5170856412442,122,1.35059573005482
Aceh,Aceh Timur,101641.0,599.544475162582,121,1.3483009186564812
Kalimantan Barat,Sintang,609854.0,623.1418060716171,126,1.345878630824227
Sulawesi Selatan,Sidenreng Rappang,19516.0,632.3608321377332,128,1.34449503643742
Papua,Waropen,10766.0,824.0356678432101,167,1.3435364149617557
Sulawesi Tengah,Buol,65131.0,744.5437502878814,151,1.3423264728747861
Aceh,Aceh Tengah,42606.0,685.1544383420176,139,1.3416862369621754
Papua Barat,Kaimana,33862.0,827.4262004606934,168,1.3410473265165208
Aceh,Nagan Raya,103319.0,576.3004578054375,117,1.3402336228033431
Sulawesi Tengah,Morowali,183028.0,698.3905795834518,142,1.3387678841855306
Kalimantan Tengah,Gunung Mas,252177.0,682.5189529576448,139,1.3365253647995656
Maluku,Buru,20752.0,642.8282575173478,131,1.335515770465404
Maluku,Maluku Tenggara,10826.0,603.4441160169961,123,1.3350533540199028
Nusa Tenggara Barat,Sumbawa Barat,7041.0,591.6717795767647,121,1.3305962059447483
Aceh,Pidie Jaya,11950.0,624.2718828451883,128,1.3272967034270482
Papua Barat,Tambrauw,11282.0,831.1563552561603,171,1.323497380981147
Papua,Nduga,6406.0,806.4222603808929,166,1.3227265069123448
Papua,Dogiyai,5730.0,761.9230366492146,157,1.321253820778985
Sulawesi Tengah,Banggai,126121.0,653.828870687673,135,1.3182033683219214
Sulawesi Selatan,Toraja Utara,4399.0,590.2946124119118,122,1.316642258167833
Sulawesi Tengah,Poso,74618.0,682.0125572918063,141,1.3166265584783905
Sulawesi Tengah,Sigi,48907.0,696.3815813687203,144,1.316411306935199
Kalimantan Timur,Kutai Barat,558454.0,715.6238687519474,148,1.3162916040808352
Bengkulu,Mukomuko,135728.0,705.1894229635742,146,1.31483422553805
Papua,Keerom,43194.0,866.4520303745891,180,1.3108200156952936
Papua,Kepulauan Yapen,6249.0,759.7762842054728,158,1.3092066930594017
Papua Barat,Teluk Wondama,16064.0,833.2681772908367,174,1.3040190567931715
Papua,Yalimo,12319.0,772.2181183537625,162,1.2978455770651471
Bengkulu,Lebong,19015.0,695.7418879831712,146,1.297219182069306
Sumatera Utara,Tapanuli Utara,40059.0,628.9641029481514,132,1.2968332019549513
Sumatera Barat,Kepulauan Mentawai,33099.0,627.3269283059911,132,1.2934575841360643
Gorontalo,Boalemo,28010.0,678.3577650838986,143,1.2912901619617358
Papua Barat,Fakfak,55298.0,772.8763427248725,163,1.290996118137315
Sumatera Barat,Agam,33053.0,544.0400871327868,115,1.2871610894308834
Sumatera Barat,Pasaman Barat,123309.0,510.84186880114186,108,1.286755337030584
Aceh,Gayo Lues,33166.0,721.3641379726225,153,1.2835660818018195
Sulawesi Tenggara,Konawe,67007.0,678.6059814646231,144,1.282809038685488
Papua,Yahukimo,34844.0,758.3973424405924,161,1.2825208722219712
Papua,Mamberamo Tengah,9473.0,738.0799113269292,157,1.2799073606825362
Maluku,Seram Bagian Barat,23066.0,713.2190670250585,152,1.2774072842239852
Papua,Biak Numfor,18979.0,680.341640760841,145,1.2772371228301145
Sulawesi Tenggara,Konawe Utara,60304.0,721.9354271690104,154,1.276255911318227
Sulawesi Selatan,Luwu Utara,66045.0,618.7090620031796,132,1.275688787635422
Papua,Paniai,4180.0,730.4868421052631,156,1.2748461467805638
Papua,Deiyai,2600.0,678.4023076923077,145,1.2735963223259845
Aceh,Aceh Jaya,61605.0,631.6620728836945,135,1.273512243717126
Kalimantan Tengah,Barito Utara,212643.0,720.3402134093293,154,1.2734358516369995
Papua,Kota Jayapura,9214.0,694.9514868678099,149,1.2697043000020887
Kalimantan Tengah,Murung Raya,164908.0,763.9476071506537,164,1.268313680936337
Maluku,Maluku Tengah,71166.0,711.1829103785516,153,1.2654500184671735
Aceh,Pidie,19226.0,646.0368251326329,139,1.265085166708811
Jambi,Kerinci,53562.0,635.6916470632165,137,1.2629635372116883
Nusa Tenggara Barat,Sumbawa,35357.0,527.0952852334757,114,1.257983974304238
Sumatera Utara,Asahan,137574.0,429.6998270021952,93,1.2564322426964771
Gorontalo,Pohuwato,47222.0,714.8910253695311,155,1.255663393506202
Papua Barat,Kota Sorong,2495.0,714.0885771543086,155,1.2542539411375444
Maluku,Buru Selatan,29516.0,639.5413335140263,139,1.252365535601879
Kalimantan Barat,Kapuas Hulu,361261.0,652.1246024342512,142,1.2500791100976063
Papua,Pegunungan Bintang,47005.0,747.9550047867248,165,1.2342491828163775
Maluku Utara,Halmahera Timur,60923.0,701.9776439111665,155,1.232981810148419
Aceh,Aceh Tenggara,30327.0,686.3113067563557,152,1.229214280757652
Sulawesi Utara,Bolaang Mongondow Utara,20304.0,690.1871059889677,153,1.22809093592343
Papua Barat,Raja Ampat,15433.0,741.6195814164453,165,1.2237946888060154
Papua Barat,Maybrat,13082.0,745.337257300107,166,1.222532406725162
Gorontalo,Bone Bolango,11487.0,693.9020632018804,155,1.2187975348979163
Sulawesi Tengah,Tojo Una-Una,115086.0,624.2554785117217,140,1.2137177158361405
Papua,Puncak,11996.0,712.1948149383128,160,1.2119026913300843
Papua,Jayawijaya,10541.0,611.4993833602125,138,1.2061131821700444
Jambi,Sungai Penuh,2727.0,631.5595892922626,144,1.193874459909759
Sumatera Barat,Dharmasraya,152761.0,539.1041561655135,123,1.1927083101006934
Papua Barat,Manokwari,63610.0,691.0084577896557,158,1.190709576891997
Maluku Utara,Halmahera Tengah,30253.0,690.2471159884971,158,1.1893976725821316
Maluku,Seram Bagian Timur,40384.0,705.3677941759113,162,1.1854920910519517
Aceh,Aceh Tamiang,58458.0,442.0004789763591,102,1.1786679439369576
Papua,Puncak Jaya,9887.0,669.3147567512896,155,1.1756113994460589
Papua,Tolikara,14966.0,678.9977281838835,158,1.1700133168016371
Aceh,Aceh Barat Daya,34116.0,617.3409250791417,144,1.1669960776543322
Papua,Intan Jaya,9789.0,727.78026356114,170,1.1656918263125573
Aceh,Aceh Selatan,49056.0,604.2937663078931,142,1.1583906063410092
Papua,Lanny Jaya,8504.0,629.7951552210725,149,1.1506610631322882
Papua,Jayapura,40519.0,709.1734988523903,170,1.135889213324704
Sumatera Barat,Solok Selatan,84272.0,634.0233529523448,152,1.1355642142430056
Sumatera Utara,Labuhanbatu Utara,111947.0,369.2987217165266,90,1.1157061079049142
Sumatera Utara,Batu Bara,19207.0,252.2969750611756,66,1.0382591566303523
Sumatera Utara,Simalungun,117757.0,320.9060098338103,101,0.8641993083495789
Sumatera Utara,Labuhanbatu Selatan,163935.0,260.27861042486353,82,0.8628020235078349
Sumatera Utara,Langkat,130810.0,334.10762938613254,109,0.8338792746742076
Sumatera Utara,Serdang Bedagai,56419.0,223.56502242152467,86,0.7067387431660422
Aceh,Langsa,5065.0,102.93405725567621,77,0.36329667266709254
