subnational1,subnational2,area_ha,extent_2000_ha,extent_2010_ha,umd_tree_cover_extent_2000__ha,gfw_aboveground_carbon_stocks_2000__Mg_C,avg_gfw_aboveground_carbon_stocks_2000__Mg_C_ha-1,removals_avg_Mg_CO2_yr,net_flux_avg_Mg_CO2e_yr,gross_avg_Mg_CO2e_yr,net_status,cum_E,cum_L,net_per_ha
Aceh,Aceh Barat,281208,256150,250457,256150,30497233,119,910608,1011145,1921753,Net source,48043826,75160.0,3.9474567735437303
Aceh,Aceh Barat Daya,189314,177520,172410,177520,25510162,144,329995,512453,842448,Net source,21061203,34116.0,2.8867176277736157
Aceh,Aceh Besar,290552,200001,199887,200001,25079204,125,623736,-14186,609550,Net sink,15238751,24210.0,-0.07092929070709293
Aceh,Aceh Jaya,386639,373388,368857,373388,50286343,135,893453,663089,1556542,Net source,38913542,61605.0,1.7758664556267056
Aceh,Aceh Selatan,421663,402527,401978,402527,57078372,142,732123,453646,1185769,Net source,29644235,49056.0,1.1269924079815565
Aceh,Aceh Singkil,191544,162175,144721,162175,17563006,108,562864,1514396,2077260,Net source,51931497,75081.0,9.337978492501973
Aceh,Aceh Tamiang,217594,179547,171462,179547,18238327,102,999507,34031,1033538,Net source,25838464,58458.0,0.18953705972776083
Aceh,Aceh Tengah,470713,425517,425303,425517,59150740,139,455111,712557,1167668,Net source,29191690,42606.0,1.6745637082332592
Aceh,Aceh Tenggara,418234,397471,391490,397471,60388702,152,315108,517443,832551,Net source,20813763,30327.0,1.3018350978182112
Aceh,Aceh Timur,542688,451960,437303,451960,54642667,121,1893600,543932,2437532,Net source,60938300,101641.0,1.2034932217602847
Aceh,Aceh Utara,271164,189692,183968,189692,19494260,103,1478884,247399,1726283,Net source,43157077,64387.0,1.3042073244663746
Aceh,Banda Aceh,5905,240,110,240,12238,51,2012,-1097,915,Net sink,22871,50.0,-4.551867219917012
Aceh,Bener Meriah,193068,178829,175630,178829,22867985,128,495941,159432,655373,Net source,16384318,24449.0,0.8915282670692837
Aceh,Bireuen,176994,128696,125915,128696,15045242,117,839524,-43963,795561,Net sink,19889019,28687.0,-0.34160081431579603
Aceh,Gayo Lues,544968,525178,523920,525178,80606484,153,355051,601939,956991,Net source,23924763,33166.0,1.1461596903151117
Aceh,Langsa,19660,10431,9814,10431,802874,77,91010,-70156,20854,Net sink,521361,5065.0,-6.725076687116564
Aceh,Lhokseumawe,13826,4094,3918,4094,296815,72,26198,-13480,12718,Net sink,317947,678.0,-3.2918192918192917
Aceh,Nagan Raya,342387,310392,293444,310392,36390478,117,726145,1655567,2381711,Net source,59542787,103319.0,5.333776857081184
Aceh,Pidie,297422,244153,244027,244153,34004989,139,573802,-76973,496828,Net sink,12420704,19226.0,-0.31526413656954216
Aceh,Pidie Jaya,96640,79089,77006,79089,10129380,128,251083,47318,298402,Net source,7460049,11950.0,0.5982804400050575
Aceh,Sabang,12478,10135,10415,10135,1191327,118,77235,-56523,20712,Net sink,517793,746.0,-5.5764601420678765
Aceh,Simeulue,183749,170183,168764,170183,20426929,120,490054,-37873,452181,Net sink,11304521,18107.0,-0.22254148451088235
Aceh,Subulussalam,115239,107338,98371,107338,13397783,125,330486,1109743,1440229,Net source,36005719,53151.0,10.338674666244328
Bali,Badung,39673,15593,16897,15593,1540732,99,85483,-70386,15097,Net sink,377436,672.0,-4.513659099653713
Bali,Bangli,52219,36965,38341,36965,3523099,95,459958,-438005,21953,Net sink,548835,799.0,-11.848861115619759
Bali,Buleleng,131718,95590,105120,95590,10522294,110,443938,-400250,43689,Net sink,1092211,1671.0,-4.187109665135839
Bali,Denpasar,12573,1293,1165,1293,72725,56,16265,-14986,1279,Net sink,31984,59.0,-11.58114374034003
Bali,Gianyar,36527,20181,21352,20181,1913728,95,211988,-199025,12963,Net sink,324081,524.0,-9.861510256664355
Bali,Jembrana,85089,71790,73450,71790,8547536,119,352357,-278004,74353,Net sink,1858820,2957.0,-3.872407404827903
Bali,Karangasem,84192,51239,55242,51239,5065188,99,366984,-347922,19062,Net sink,476541,758.0,-6.790046838407494
Bali,Klungkung,31561,8898,11643,8898,796947,90,62428,-56381,6047,Net sink,151176,262.0,-6.335655691650747
Bali,Tabanan,85518,63936,66492,63936,7169608,112,387067,-366300,20768,Net sink,519197,809.0,-5.729077060231165
Bangka Belitung,Bangka,305690,233067,220198,233067,17665924,76,1397487,1520276,2917763,Net source,72944077,140513.0,6.522886024679493
Bangka Belitung,Bangka Barat,288947,234840,219168,234840,18038411,77,1340240,1219448,2559688,Net source,63992210,139902.0,5.192653752964772
Bangka Belitung,Bangka Selatan,361566,307086,293431,307086,22203202,72,1805858,1918106,3723964,Net source,93099110,169512.0,6.2461322035774876
Bangka Belitung,Bangka Tengah,222004,173732,155534,173732,12864202,74,1000750,1320120,2320870,Net source,58021762,106985.0,7.5985564055188135
Bangka Belitung,Belitung,231257,193577,177601,193577,18970940,98,905295,1281341,2186636,Net source,54665900,90732.0,6.619249088222835
Bangka Belitung,Belitung Timur,255391,184915,185618,184915,16248581,88,817322,785620,1602941,Net source,40073533,83238.0,4.248523653983431
Bangka Belitung,Pangkalpinang,10948,5628,4263,5628,321051,57,46781,8804,55584,Net source,1389607,2564.0,1.5640433469532777
Banten,Cilegon,16372,3667,3844,3667,337539,92,24889,-23724,1164,Net sink,29109,63.0,-6.46782988004362
Banten,Kota Serang,26480,5814,6422,5814,503496,87,35823,-32703,3120,Net sink,78005,145.0,-5.623903697334479
Banten,Kota Tangerang,18137,78,50,78,4435,57,2761,-2657,104,Net sink,2597,3.0,-33.63291139240506
Banten,Lebak,330779,276561,262086,276561,27982197,101,1652465,-944081,708384,Net sink,17709596,29090.0,-3.413632386228043
Banten,Pandeglang,277932,211255,202118,211255,21473086,102,1509591,-926511,583080,Net sink,14577002,22833.0,-4.385726322565986
Banten,Serang,146128,58579,56940,58579,5650423,96,350245,-310253,39992,Net sink,999802,1634.0,-5.296227381358825
Banten,Tangerang,102918,5020,4381,5020,291166,58,37227,-34721,2506,Net sink,62637,128.0,-6.915156343357896
Banten,Tangerang Selatan,16466,749,547,749,45006,60,6068,-5882,186,Net sink,4649,5.0,-7.842666666666666
Bengkulu,Bengkulu,18668,7933,7905,7933,489155,62,57585,-14848,42737,Net sink,1068418,1906.0,-1.8714393748424503
Bengkulu,Bengkulu Selatan,122687,109415,107964,109415,14082823,129,433875,702482,1136357,Net source,28408918,37997.0,6.420285881406741
Bengkulu,Bengkulu Tengah,104492,95109,92939,95109,9304144,98,560348,308973,869321,Net source,21733032,35490.0,3.2485858479655136
Bengkulu,Bengkulu Utara,422875,372686,373584,372686,48476374,130,1609847,1741314,3351161,Net source,83779032,117242.0,4.672322887570535
Bengkulu,Kaur,253155,238753,238347,238753,33421195,140,651600,1129495,1781095,Net source,44527381,58330.0,4.730789850641246
Bengkulu,Kepahiang,70560,66729,66374,66729,5949354,89,932331,-749830,182501,Net sink,4562523,6667.0,-11.236775063689494
Bengkulu,Lebong,167239,160779,161276,160779,23396336,146,188296,340886,529181,Net source,13229532,19015.0,2.120201517601692
Bengkulu,Mukomuko,425925,378127,380874,378127,55165368,146,1207003,2621554,3828558,Net source,95713950,135728.0,6.932980366436762
Bengkulu,Rejang Lebong,150509,144686,141966,144686,15895816,110,677282,27346,704628,Net source,17615704,26017.0,0.18900108510094205
Bengkulu,Seluma,245372,220983,217276,220983,25566356,116,1019961,777375,1797336,Net source,44933390,65422.0,3.517788618180502
Gorontalo,Boalemo,184416,141424,130239,141424,20172736,143,345991,414041,760032,Net source,19000801,28010.0,2.927636556478699
Gorontalo,Bone Bolango,190411,176929,177807,176929,27461239,155,389635,-70801,318834,Net sink,7970853,11487.0,-0.40016390662974055
Gorontalo,Danau Limboto,2713,599,841,599,20724,35,3495,-2973,521,Net sink,13036,41.0,-4.955
Gorontalo,Gorontalo,213392,136154,134050,136154,17609234,129,520743,411496,932238,Net source,23305959,32005.0,3.022261393265029
Gorontalo,Gorontalo Utara,170498,144760,140863,144760,19726141,136,412646,445974,858621,Net source,21465514,31040.0,3.0807607021228094
Gorontalo,Kota Gorontalo,6499,2211,2729,2211,208080,94,13374,-7280,6095,Net sink,152365,287.0,-3.2911392405063293
Gorontalo,Pohuwato,436241,400832,391373,400832,62040504,155,776901,573443,1350343,Net source,33758584,47222.0,1.4306282167386417
Jakarta Raya,Jakarta Barat,12518,45,10,45,1796,40,1672,-1590,82,Net sink,2043,4.0,-34.56521739130435
Jakarta Raya,Jakarta Pusat,4788,11,25,11,622,56,801,-801,0,Net sink,0,0.0,-66.75
Jakarta Raya,Jakarta Selatan,14492,349,404,349,22277,64,4462,-4429,33,Net sink,826,0.0,-12.654285714285715
Jakarta Raya,Jakarta Timur,18465,332,538,332,21835,66,4132,-3990,142,Net sink,3549,6.0,-11.981981981981981
Jakarta Raya,Jakarta Utara,14017,116,96,116,4689,40,3735,-3689,46,Net sink,1140,1.0,-31.52991452991453
Jakarta Raya,Kepulauan Seribu,1060,450,477,450,389,1,273,-273,0,Net sink,0,2.0,-0.6053215077605322
Jambi,Batang Hari,546351,507327,480052,507327,54419740,107,3826478,5028861,8855339,Net source,221383471,303342.0,9.912445203103317
Jambi,Bungo,469289,425736,428932,425736,50823359,119,2117131,2473719,4590850,Net source,114771252,170681.0,5.810439308775136
Jambi,Jambi,17147,7120,6081,7120,480177,67,35022,14944,49967,Net source,1249173,2496.0,2.0985816598792306
Jambi,Kerinci,340183,320526,320997,320526,43985896,137,403292,958665,1361957,Net source,34048916,53562.0,2.9909024824741755
Jambi,Merangin,741814,705309,712913,705309,91236297,129,2427967,3809366,6237333,Net source,155933317,223817.0,5.400981128865322
Jambi,Muaro Jambi,551771,501052,483119,501052,46184681,92,2119283,8087237,10206521,Net source,255163015,293823.0,16.140482144603464
Jambi,Sarolangun,586667,550728,516697,550728,62849696,114,2242369,3954201,6196570,Net source,154914238,260581.0,7.179939679951483
Jambi,Sungai Penuh,35274,31909,32255,31909,4606304,144,18370,50520,68891,Net source,1722263,2727.0,1.5832027577561893
Jambi,Tanjung Jabung B,493847,438622,431717,438622,41093190,94,4169123,5496809,9665933,Net source,241648315,268978.0,12.531967087909207
Jambi,Tanjung Jabung T,495158,420423,415190,420423,31876088,76,3719712,2932400,6652112,Net source,166302790,165906.0,6.974863471162445
Jambi,Tebo,618826,575434,545160,575434,63487494,110,3357647,5704410,9062057,Net source,226551430,335827.0,9.913213481974505
Jawa Barat,Bandung,175447,106947,105231,106947,11229714,105,277059,-177142,99916,Net sink,2497909,4573.0,-1.656337659423271
Jawa Barat,Bandung Barat,127693,75471,73801,75471,7162714,95,505152,-460343,44809,Net sink,1120222,1560.0,-6.099520351918592
Jawa Barat,Banjar,13049,7315,7617,7315,649033,89,53534,-46810,6724,Net sink,168094,259.0,-6.398305084745763
Jawa Barat,Bekasi,126861,9187,10465,9187,480620,52,70414,-66115,4299,Net sink,107469,215.0,-7.195798868088811
Jawa Barat,Bogor,299327,180857,157129,180857,17388531,96,935871,-695462,240410,Net sink,6010238,10800.0,-3.845348284289332
Jawa Barat,Ciamis,272925,212260,212436,212260,23550972,111,1255590,-1022892,232698,Net sink,5817443,8033.0,-4.819029402480908
Jawa Barat,Cianjur,359254,256628,246693,256628,25903295,101,1288007,-1008822,279185,Net sink,6979616,10606.0,-3.9310522193516713
Jawa Barat,Cimahi,4115,253,278,253,19973,79,1081,-1004,77,Net sink,1933,2.0,-3.952755905511811
Jawa Barat,Cirebon,106783,17248,17672,17248,1441278,84,107683,-92110,15573,Net sink,389331,668.0,-5.340019711287611
Jawa Barat,Depok,19971,2749,1702,2749,183141,67,18106,-17250,856,Net sink,21405,30.0,-6.2727272727272725
Jawa Barat,Garut,308942,229745,230374,229745,25933440,113,932887,-617332,315555,Net sink,7888876,10412.0,-2.6870195781428188
Jawa Barat,Indramayu,208745,13095,9638,13095,832276,64,96531,-55230,41300,Net sink,1032505,2042.0,-4.21731826511912
Jawa Barat,Karawang,191251,24932,34464,24932,1818228,73,154338,-106315,48023,Net sink,1200573,2135.0,-4.26402759395179
Jawa Barat,Kota Bandung,16802,1193,1195,1193,102197,86,4514,-3537,978,Net sink,24445,36.0,-2.9623115577889445
Jawa Barat,Kota Bekasi,21409,930,796,930,62806,68,8087,-7654,434,Net sink,10840,17.0,-8.22126745435016
Jawa Barat,Kota Bogor,11174,2382,1809,2382,183982,77,14647,-14065,582,Net sink,14561,23.0,-5.902224087284935
Jawa Barat,Kota Cirebon,4004,270,224,270,18879,70,2411,-2370,41,Net sink,1026,0.0,-8.745387453874539
Jawa Barat,Kota Sukabumi,4894,1241,1653,1241,96839,78,7683,-7352,330,Net sink,8262,9.0,-5.919484702093397
Jawa Barat,Kota Tasikmalaya,18392,9449,9572,9449,927211,98,56149,-46916,9233,Net sink,230818,314.0,-4.9646560846560845
Jawa Barat,Kuningan,118563,76135,79552,76135,8089734,106,428212,-377643,50569,Net sink,1264234,1813.0,-4.960110854260797
Jawa Barat,Majalengka,134065,52533,51925,52533,5271555,100,285907,-232905,53002,Net sink,1325056,2306.0,-4.433414550576769
Jawa Barat,Purwakarta,98890,48549,44643,48549,4387056,90,421869,-350118,71752,Net sink,1793799,2907.0,-7.211493305870237
Jawa Barat,Subang,216138,73839,67915,73839,6927966,94,609523,-478423,131100,Net sink,3277498,5321.0,-6.479184723726977
Jawa Barat,Sukabumi,415983,286314,279919,286314,27093748,95,1837039,-1335640,501399,Net sink,12534976,18762.0,-4.664931980510976
Jawa Barat,Sumedang,155753,101299,96103,101299,10808827,107,704960,-539209,165752,Net sink,4143793,6220.0,-5.3228923988154
Jawa Barat,Tasikmalaya,269704,215963,218964,215963,23594476,109,1177313,-931183,246130,Net sink,6153252,8348.0,-4.311751032579504
Jawa Barat,Waduk Cirata,5738,404,469,404,31171,77,2519,-2183,337,Net sink,8420,14.0,-5.390123456790123
Jawa Tengah,Banjarnegara,114915,87143,88767,87143,8109002,93,483793,-458178,25616,Net sink,640387,940.0,-5.257711374277059
Jawa Tengah,Banyumas,138987,90857,92610,90857,9765413,107,640293,-576329,63964,Net sink,1599106,2177.0,-6.343183869334566
Jawa Tengah,Batang,85899,62269,61324,62269,6494448,104,373235,-239477,133758,Net sink,3343952,4893.0,-3.8457844869118354
Jawa Tengah,Blora,194883,37254,30313,37254,3255073,87,262562,-98033,164529,Net sink,4113228,6470.0,-2.631405180512683
Jawa Tengah,Boyolali,108774,46253,35668,46253,3714207,80,275507,-237655,37851,Net sink,946282,1493.0,-5.138042115276517
Jawa Tengah,Brebes,175120,66603,68685,66603,7146466,107,466416,-364506,101910,Net sink,2547751,3826.0,-5.47273437030809
Jawa Tengah,Cilacap,234518,125359,128334,125359,11637204,93,1037126,-845184,191942,Net sink,4798553,6742.0,-6.742054881940013
Jawa Tengah,Demak,100004,5524,4126,5524,322122,58,60483,-56736,3746,Net sink,93659,163.0,-10.2689592760181
Jawa Tengah,Grobogan,203031,35347,24338,35347,3045365,86,217957,-61181,156776,Net sink,3919413,6169.0,-1.7308192825619555
Jawa Tengah,Jepara,102540,52719,48401,52719,4976556,94,342064,-239606,102459,Net sink,2561463,3843.0,-4.544878603945372
Jawa Tengah,Karanganyar,80377,45110,39552,45110,4179985,93,249416,-217761,31655,Net sink,791370,1203.0,-4.82722617543393
Jawa Tengah,Kebumen,133163,64677,69741,64677,5794930,90,503039,-481362,21677,Net sink,541921,766.0,-7.442437923250564
Jawa Tengah,Kendal,100033,52083,49515,52083,4847360,93,358934,-286800,72134,Net sink,1803345,2925.0,-5.506489516934184
Jawa Tengah,Klaten,70126,20937,16324,20937,1635254,78,134103,-129769,4334,Net sink,108349,158.0,-6.197774381507307
Jawa Tengah,Kota Magelang,1787,373,324,373,32536,87,2782,-2704,78,Net sink,1960,1.0,-7.229946524064171
Jawa Tengah,Kota Pekalongan,4580,202,269,202,11203,55,1589,-1471,119,Net sink,2968,2.0,-7.246305418719212
Jawa Tengah,Kota Semarang,38614,11950,11097,11950,1048837,88,128325,-108325,20000,Net sink,499990,707.0,-9.06409505480713
Jawa Tengah,Kota Tegal,3912,136,130,136,5828,43,1119,-1105,15,Net sink,364,0.0,-8.065693430656934
Jawa Tengah,Kudus,43552,10552,9819,10552,981755,93,64973,-62196,2777,Net sink,69419,96.0,-5.893679522410689
Jawa Tengah,Magelang,113122,71929,70765,71929,6561624,91,410319,-399191,11128,Net sink,278196,361.0,-5.54971500069512
Jawa Tengah,Pati,158350,28357,23313,28357,2350148,83,197773,-156467,41305,Net sink,1032635,1667.0,-5.5175611820297625
Jawa Tengah,Pekalongan,89282,54259,54550,54259,6425266,118,311002,-223348,87654,Net sink,2191352,3001.0,-4.1162550681901955
Jawa Tengah,Pemalang,113677,50534,51535,50534,5046852,100,362785,-259774,103011,Net sink,2575280,3766.0,-5.14047689719996
Jawa Tengah,Purbalingga,80799,59903,61268,59903,5941310,99,311682,-297037,14646,Net sink,366139,543.0,-4.958550347222222
Jawa Tengah,Purworejo,108991,68592,71503,68592,6638034,97,412743,-401666,11078,Net sink,276937,360.0,-5.8557870336623274
Jawa Tengah,Rembang,103900,12962,13163,12962,1005930,78,89288,-47933,41355,Net sink,1033868,1898.0,-3.6976780066342667
Jawa Tengah,Salatiga,5308,3488,3079,3488,321459,92,24514,-21236,3278,Net sink,81961,134.0,-6.0865577529378045
Jawa Tengah,Semarang,102288,65952,64218,65952,5743095,87,439478,-389554,49924,Net sink,1248089,2009.0,-5.906539505405364
Jawa Tengah,Sragen,97775,26230,14888,26230,2190529,84,159919,-142965,16954,Net sink,423857,649.0,-5.450230643132172
Jawa Tengah,Sukoharjo,49353,12409,10024,12409,915555,74,76719,-65792,10926,Net sink,273156,451.0,-5.301531023368251
Jawa Tengah,Surakarta,4626,165,100,165,11751,71,1112,-1076,36,Net sink,892,1.0,-6.481927710843373
Jawa Tengah,Tegal,99479,36169,35223,36169,3649784,101,234358,-160369,73989,Net sink,1849723,2728.0,-4.433757257395632
Jawa Tengah,Temanggung,87285,51118,52537,51118,4971048,97,361124,-336260,24864,Net sink,621595,979.0,-6.5779847023611575
Jawa Tengah,Waduk Kedungombo,2978,35,51,35,2648,75,198,-115,83,Net sink,2085,1.0,-3.1944444444444446
Jawa Tengah,Wonogiri,192279,71980,72734,71980,5840117,81,430982,-398442,32540,Net sink,813490,1169.0,-5.535377391256026
Jawa Tengah,Wonosobo,99392,77592,74948,77592,7425849,96,366236,-342138,24098,Net sink,602456,849.0,-4.409392599847925
Jawa Timur,Bangkalan,129922,17929,12838,17929,1115800,62,129667,-118611,11056,Net sink,276390,500.0,-6.615225878416062
Jawa Timur,Banyuwangi,360044,225910,247250,225910,24410442,108,1143032,-599925,543107,Net sink,13577671,20595.0,-2.655581180199282
Jawa Timur,Batu,19633,13278,13671,13278,1669582,126,19410,-10027,9382,Net sink,234556,357.0,-0.7551020408163265
Jawa Timur,Blitar,175399,89391,80717,89391,8120798,91,497558,-394206,103352,Net sink,2583794,4371.0,-4.409857705387506
Jawa Timur,Bojonegoro,231395,39983,37985,39983,2882901,72,240591,-121885,118706,Net sink,2967648,5572.0,-3.048344337735094
Jawa Timur,Bondowoso,155536,79292,89728,79292,8620033,109,320855,-156952,163903,Net sink,4097564,5904.0,-1.97939288461781
Jawa Timur,Gresik,123034,17660,17254,17660,1776374,101,118343,-84584,33759,Net sink,843990,1221.0,-4.789309778608233
Jawa Timur,Jember,330651,202499,214316,202499,22014637,109,1055978,-579814,476165,Net sink,11904122,16873.0,-2.863279012345679
Jawa Timur,Jombang,112049,30965,34037,30965,2507089,81,205816,-189462,16354,Net sink,408855,666.0,-6.1183879093199
Jawa Timur,Kediri,152302,65141,54705,65141,5050301,78,395902,-304842,91060,Net sink,2276502,3550.0,-4.67965367965368
Jawa Timur,Kota Blitar,3337,805,408,805,56696,70,4999,-4669,331,Net sink,8262,12.0,-5.792803970223325
Jawa Timur,Kota Kediri,6917,1153,1068,1153,74604,65,7404,-7096,309,Net sink,7717,9.0,-6.1490467937608315
Jawa Timur,Kota Madiun,3458,489,147,489,34164,70,2989,-2752,238,Net sink,5944,10.0,-5.616326530612245
Jawa Timur,Kota Malang,10995,2508,2963,2508,207353,83,16232,-15040,1193,Net sink,29815,44.0,-5.994420087684336
Jawa Timur,Kota Mojokerto,2020,156,177,156,10724,69,1082,-1058,24,Net sink,607,0.0,-6.738853503184713
Jawa Timur,Kota Pasuruan,3854,866,823,866,48148,56,5436,-5236,201,Net sink,5014,10.0,-6.03921568627451
Jawa Timur,Kota Probolinggo,5391,1766,1217,1766,124833,71,4567,-4377,189,Net sink,4736,9.0,-2.4770797962648556
Jawa Timur,Lamongan,175082,19939,19876,19939,1008882,51,141326,-117668,23658,Net sink,591444,1148.0,-5.901103309929789
Jawa Timur,Lumajang,181042,119824,126461,119824,12243682,102,629326,-510112,119215,Net sink,2980371,4370.0,-4.25714166492802
Jawa Timur,Madiun,111755,43545,40120,43545,3689172,85,256450,-207245,49205,Net sink,1230135,2159.0,-4.759220135029624
Jawa Timur,Magetan,70197,20567,17700,20567,1802050,88,104419,-82328,22091,Net sink,552272,805.0,-4.0027226760015555
Jawa Timur,Malang,345570,224668,247061,224668,23562882,105,1064724,-776283,288441,Net sink,7211017,10493.0,-3.455229693460157
Jawa Timur,Mojokerto,97414,27920,32240,27920,2965715,106,134970,-117139,17830,Net sink,445759,665.0,-4.195372658572401
Jawa Timur,Nganjuk,129023,40730,43427,40730,3272990,80,219910,-161515,58395,Net sink,1459884,2473.0,-3.9654071837175615
Jawa Timur,Ngawi,139324,45631,39463,45631,3840467,84,278508,-193073,85435,Net sink,2135861,3275.0,-4.231087833099579
Jawa Timur,Pacitan,141860,95803,92235,95803,8320170,87,587492,-538367,49125,Net sink,1228122,1918.0,-5.619462652916371
Jawa Timur,Pamekasan,79783,2068,1404,2068,131509,64,23904,-23299,605,Net sink,15115,14.0,-11.260995650072498
Jawa Timur,Pasuruan,148818,70474,81682,70474,6351609,90,368450,-336624,31826,Net sink,795638,1285.0,-4.776502305782192
Jawa Timur,Ponorogo,141661,62960,57482,62960,6185716,98,354593,-245793,108801,Net sink,2720015,3573.0,-3.9038928860723305
Jawa Timur,Probolinggo,172359,92018,95209,92018,9372292,102,393829,-327552,66277,Net sink,1656921,2479.0,-3.559612688683859
Jawa Timur,Sampang,122492,7183,3669,7183,469661,65,54979,-50378,4601,Net sink,115019,207.0,-7.012527839643653
Jawa Timur,Sidoarjo,72073,9344,9084,9344,386612,41,83816,-82645,1171,Net sink,29282,48.0,-8.843766720171214
Jawa Timur,Situbondo,166176,59727,69174,59727,6029682,101,216007,-183415,32592,Net sink,814802,1260.0,-3.07083779801768
Jawa Timur,Sumenep,208461,28132,28411,28132,1999434,71,328586,-277850,50736,Net sink,1268403,2299.0,-9.876301851917678
Jawa Timur,Surabaya,33060,902,798,902,33873,38,19491,-19137,354,Net sink,8854,17.0,-21.19269102990033
Jawa Timur,Trenggalek,124755,84872,86870,84872,8040973,95,566336,-453605,112731,Net sink,2818269,3914.0,-5.344514745561015
Jawa Timur,Tuban,197699,17003,13951,17003,1027093,60,118353,-73016,45338,Net sink,1133439,2313.0,-4.294048459186074
Jawa Timur,Tulungagung,115045,53961,49140,53961,4518555,84,329745,-213393,116353,Net sink,2908812,4493.0,-3.9545050220525555
Kalimantan Barat,Bengkayang,560501,530777,476618,530777,58319646,110,2521592,5257049,7778641,Net source,194466037,249189.0,9.904421434196594
Kalimantan Barat,Kapuas Hulu,3090736,2973928,2915015,2973928,422854813,142,6599843,2823645,9423488,Net source,235587186,361261.0,0.949466177571825
Kalimantan Barat,Kayong Utara,461791,444325,420654,444325,49024165,110,1502914,3780759,5283672,Net source,132091807,145572.0,8.508975391941952
Kalimantan Barat,Ketapang,2973499,2700771,2577643,2700771,290590645,108,11520627,15634288,27154915,Net source,678872870,995906.0,5.7888218627859
Kalimantan Barat,Kota Pontianak,10841,4051,2675,4051,197938,49,25901,4338,30239,Net source,755965,1416.0,1.0705824284304046
Kalimantan Barat,Kubu Raya,859307,802507,761191,802507,73662320,92,6083579,7745692,13829271,Net source,345731769,318775.0,9.651856430091662
Kalimantan Barat,Landak,825283,785716,738366,785716,85985605,109,3861063,6640631,10501694,Net source,262542347,371258.0,8.451682985095143
Kalimantan Barat,Melawi,998836,926564,918441,926564,117412301,127,3746118,2022112,5768229,Net source,144205732,216667.0,2.182374684992418
Kalimantan Barat,Pontianak,200382,183830,174602,183830,17520527,95,1219598,1642949,2862547,Net source,71563674,74871.0,8.937279348967259
Kalimantan Barat,Sambas,579899,468538,420841,468538,45100621,96,2381151,4590714,6971865,Net source,174296624,235588.0,9.797933576500569
Kalimantan Barat,Sanggau,1273621,1153264,1106389,1153264,113729502,99,6194974,7568801,13763775,Net source,344094380,534115.0,6.562933063953211
Kalimantan Barat,Sekadau,570094,523244,494795,523244,48561973,93,2669552,2461734,5131286,Net source,128282159,227570.0,4.704744431384915
Kalimantan Barat,Singkawang,45066,34807,32883,34807,2774633,80,199876,105806,305682,Net source,7642051,12858.0,3.0397035164330037
Kalimantan Barat,Sintang,2237540,2108077,2047603,2108077,265799255,126,7481462,7719559,15201021,Net source,380025523,609854.0,3.6618943891070446
Kalimantan Selatan,Balangan,189604,176030,169342,176030,21528857,122,908075,282220,1190295,Net source,29757372,45258.0,1.6032403383494953
Kalimantan Selatan,Banjar,457323,320610,325857,320610,31055908,97,2094086,119511,2213597,Net source,55339918,83461.0,0.3727601361151052
Kalimantan Selatan,Banjar Baru,35123,15238,11016,15238,825815,54,94530,5868,100398,Net source,2509962,4927.0,0.3850646367871908
Kalimantan Selatan,Banjarmasin,7853,2280,1770,2280,64017,28,13399,-8065,5334,Net sink,133342,408.0,-3.535729943007453
Kalimantan Selatan,Barito Kuala,239550,142208,138269,142208,3846085,27,1175239,-127774,1047465,Net sink,26186631,43955.0,-0.8984944694077027
Kalimantan Selatan,Hulu Sungai Selatan,169874,102046,101948,102046,6771762,66,629104,-84461,544643,Net sink,13616078,18999.0,-0.8276676433408136
Kalimantan Selatan,Hulu Sungai Tengah,169452,135520,128322,135520,15528384,115,620901,-50588,570313,Net sink,14257829,20889.0,-0.37328532109414775
Kalimantan Selatan,Hulu Sungai Utara,93266,50590,50500,50590,1752760,35,315039,178170,493210,Net source,12330246,11574.0,3.52177264730881
Kalimantan Selatan,Kota Baru,917463,808773,802182,808773,83062540,103,4323621,2909350,7232970,Net source,180824263,340783.0,3.597234827034499
Kalimantan Selatan,Tabalong,367280,342472,338655,342472,45798792,134,1860185,203889,2064074,Net source,51601852,71295.0,0.5953432825361415
Kalimantan Selatan,Tanah Bumbu,486671,387563,378037,387563,40292823,104,2609864,2339217,4949082,Net source,123727040,183558.0,6.035692169551352
Kalimantan Selatan,Tanah Laut,385410,178317,196113,178317,13954051,78,1684012,276406,1960418,Net source,49010454,73300.0,1.5500734642604785
Kalimantan Selatan,Tapin,218380,156359,139595,156359,6683636,43,1130034,671410,1801445,Net source,45036110,61389.0,4.294001023279611
Kalimantan Tengah,Barito Selatan,640349,574279,566850,574279,59090628,103,1999560,2667810,4667370,Net source,116684260,133861.0,4.645486522253953
Kalimantan Tengah,Barito Timur,300508,275852,263533,275852,27278323,99,1378520,1509679,2888198,Net source,72204953,112478.0,5.472766292191856
Kalimantan Tengah,Barito Utara,991799,955946,950694,955946,146780329,154,2821692,3305320,6127012,Net source,153175304,212643.0,3.4576393879577005
Kalimantan Tengah,Gunung Mas,1010410,982385,941923,982385,136657885,139,3010107,3874517,6884623,Net source,172115582,252177.0,3.9439863760273455
Kalimantan Tengah,Kapuas,1729480,1581127,1531618,1581127,185402127,117,5196929,11434872,16631801,Net source,415795020,456083.0,7.23209759108687
Kalimantan Tengah,Katingan,1941831,1858988,1829718,1858988,220239314,118,5098117,7887903,12986020,Net source,324650503,387674.0,4.243114402505878
Kalimantan Tengah,Kotawaringin Barat,838664,693643,695523,693643,66447614,96,4250223,5496986,9747210,Net source,243680247,324320.0,7.92479427487299
Kalimantan Tengah,Kotawaringin Timur,1569888,1378831,1237433,1378831,121919470,88,6461196,11660878,18122074,Net source,453051841,660559.0,8.457069461689313
Kalimantan Tengah,Lamandau,733019,706783,676290,706783,99971063,141,2479123,5292932,7772056,Net source,194301391,272961.0,7.488754697333273
Kalimantan Tengah,Murung Raya,2390690,2369137,2364391,2369137,387691233,164,4278900,760343,5039243,Net source,125981072,164908.0,0.3209365600484227
Kalimantan Tengah,Palangka Raya,260226,242639,233925,242639,22201262,91,706941,1862941,2569882,Net source,64247050,74818.0,7.677798384437851
Kalimantan Tengah,Pulang Pisau,972243,906438,895095,906438,59205111,65,4682774,10474659,15157433,Net source,378935825,335682.0,11.5558344246
Kalimantan Tengah,Seruyan,1663551,1448210,1415988,1448210,148335450,102,6215277,6507940,12723217,Net source,318080430,452706.0,4.493778876144429
Kalimantan Tengah,Sukamara,328499,246621,250671,246621,17727436,72,1210851,2159919,3370771,Net source,84269264,118478.0,8.758014289073968
Kalimantan Timur,Balikpapan,54717,32331,29358,32331,2868375,89,209643,32830,242473,Net source,6061817,11184.0,1.0154026970184338
Kalimantan Timur,Berau,2205592,2145050,2100287,2145050,325749387,152,6904388,8569533,15473921,Net source,386848030,506181.0,3.995025293104919
Kalimantan Timur,Bontang,16551,9811,9485,9811,628681,64,81355,9586,90940,Net source,2273510,4647.0,0.9769669792091317
Kalimantan Timur,Kutai Barat,3187205,3091155,3059229,3091155,458912937,148,7614172,8371549,15985721,Net source,399643012,558454.0,2.7082259840655083
Kalimantan Timur,Kutai Kartanegara,2518407,2168676,2020964,2168676,224154555,103,13126196,5151543,18277739,Net source,456943483,715172.0,2.375431196070231
Kalimantan Timur,Kutai Timur,3146079,2971483,2812605,2971483,350130535,118,15323667,8831838,24155505,Net source,603887622,955538.0,2.972197730157726
Kalimantan Timur,Paser,1059083,981226,927458,981226,124507796,127,4827725,4244565,9072290,Net source,226807251,331259.0,4.325772731488229
Kalimantan Timur,Penajam Paser Utara,325009,274238,244216,274238,30164472,110,2482813,2048006,4530819,Net source,113270480,151099.0,7.467960428677176
Kalimantan Timur,Samarinda,72422,44071,36170,44071,3002234,68,230155,138760,368915,Net source,9222875,19165.0,3.148484298420766
Kepulauan Riau,Batam,103827,73206,67448,73206,6567589,90,387039,403799,790838,Net source,19770957,32395.0,5.515852309205404
Kepulauan Riau,Bintan,133612,88348,88104,88348,6006186,68,533401,-19932,513469,Net sink,12836715,28428.0,-0.22560527000871544
Kepulauan Riau,Karimun,92132,74799,73336,74799,6276074,84,519753,-51332,468421,Net sink,11710516,21269.0,-0.6862566844919786
Kepulauan Riau,Kepulauan Anambas,63696,59422,58649,59422,7449870,125,189185,-85193,103992,Net sink,2599804,4132.0,-1.4336704642983356
Kepulauan Riau,Lingga,220725,205435,201587,205435,23257528,113,800057,73163,873220,Net source,21830500,36513.0,0.35613524406627856
Kepulauan Riau,Natuna,198761,180979,172225,180979,15305552,85,650040,36641,686681,Net source,17167032,31599.0,0.2024588352304122
Kepulauan Riau,Tanjungpinang,14883,7591,5507,7591,438569,58,51011,-3352,47659,Net sink,1191479,2522.0,-0.44151738672286617
Lampung,Bandar Lampung,17531,5732,4506,5732,514279,90,36176,-25345,10831,Net sink,270776,460.0,-4.420896563753707
Lampung,Lampung Barat,509947,473707,459461,473707,57355952,121,1992826,-657271,1335555,Net sink,33388883,47431.0,-1.3875024276558554
Lampung,Lampung Selatan,216687,92643,84209,92643,8148675,88,691444,-197192,494253,Net sink,12356317,21372.0,-2.128491861318596
Lampung,Lampung Tengah,460946,100516,96952,100516,7800997,78,713361,-274886,438475,Net sink,10961874,23961.0,-2.734721489897231
Lampung,Lampung Timur,391431,171537,163362,171537,12967027,76,1227870,-889741,338130,Net sink,8453239,13557.0,-5.186844897340531
Lampung,Lampung Utara,255347,145838,137734,145838,13204162,91,1116302,-437469,678833,Net sink,16970837,28308.0,-2.999670869931911
Lampung,Mesuji,217524,85019,107482,85019,3327103,39,721277,-54014,667264,Net sink,16681591,39931.0,-0.6353093389790637
Lampung,Metro,7777,538,715,538,37047,69,3500,-2828,672,Net sink,16803,30.0,-5.246753246753247
Lampung,Pesawaran,135915,97456,92087,97456,9046081,93,775462,-499101,276361,Net sink,6909026,10829.0,-5.12124321495634
Lampung,Pringsewu,60372,34274,29652,34274,3010615,88,263183,-105035,158148,Net sink,3953687,6364.0,-3.0644784828592266
Lampung,Tanggamus,277517,248709,233441,248709,24661192,99,1535166,-853744,681423,Net sink,17035562,26608.0,-3.4326886735555466
Lampung,Tulang Bawang Barat,130590,33052,37586,33052,1917838,58,344978,-111111,233867,Net sink,5846665,12368.0,-3.3616010649562824
Lampung,Tulangbawang,309277,91787,104100,91787,3374300,37,766410,-261790,504619,Net sink,12615485,26232.0,-2.852115744977557
Lampung,Way Kanan,357858,202321,177053,202321,16858919,83,1735325,-86199,1649126,Net sink,41228139,71087.0,-0.4260485760322654
Maluku,Ambon,30365,26265,25487,26265,3385198,129,109236,-66422,42814,Net sink,1070351,1660.0,-2.528820528439808
Maluku,Buru,445921,362601,366894,362601,47588652,131,1113859,-580261,533599,Net sink,13339972,20752.0,-1.6002697172106055
Maluku,Buru Selatan,427210,374710,373111,374710,51980923,139,874529,-119461,755068,Net sink,18876702,29516.0,-0.31880836164404036
Maluku,Kepulauan Aru,813576,759674,758925,759674,102167500,134,4666421,-4132956,533465,Net sink,13336621,19137.0,-5.4404264981735615
Maluku,Maluku Barat Daya,455178,337689,334452,337689,41363801,122,797638,-513408,284230,Net sink,7105743,11735.0,-1.5203529864668779
Maluku,Maluku Tengah,861064,821585,818261,821585,126041345,153,1944310,80172,2024482,Net source,50612043,71166.0,0.09758199385091762
Maluku,Maluku Tenggara,101714,86026,84952,86026,10578279,123,438275,-176960,261315,Net sink,6532886,10826.0,-2.057028607297709
Maluku,Maluku Tenggara Barat,439485,371456,372108,371456,50501809,136,1637296,-779571,857725,Net sink,21443134,30929.0,-2.0986843699270707
Maluku,Seram Bagian Barat,449995,431188,431383,431188,65731309,152,1145312,-487267,658044,Net sink,16451111,23066.0,-1.1300543381208705
Maluku,Seram Bagian Timur,586346,559770,558194,559770,90756874,162,1281086,-141663,1139423,Net sink,28485573,40384.0,-0.25307313169135237
Maluku,Tual,23902,16453,16421,16453,1787341,109,93308,-7936,85372,Net sink,2134290,3569.0,-0.48231433086179654
Maluku Utara,Halmahera Barat,217669,213880,213607,213880,31209915,146,1435038,-948046,486992,Net sink,12174808,15244.0,-4.432586344743105
Maluku Utara,Halmahera Selatan,815504,797547,792335,797547,121160953,152,2815091,-129972,2685119,Net sink,67127977,85552.0,-0.1629644861500499
Maluku Utara,Halmahera Tengah,226526,219960,217764,219960,34677088,158,501563,333719,835282,Net source,20882046,30253.0,1.5171734989384482
Maluku Utara,Halmahera Timur,646690,633155,630054,633155,98180647,155,1703131,7533,1710663,Net source,42766584,60923.0,0.011897541838030438
Maluku Utara,Halmahera Utara,347755,336278,335014,336278,47148258,140,2214774,-1226699,988075,Net sink,24701875,33096.0,-3.647860853636415
Maluku Utara,Kepulauan Sula,477809,462706,461964,462706,65481534,142,1530699,-16283,1514415,Net sink,37860381,52611.0,-0.03519073625426025
Maluku Utara,Pulau Morotai,234305,229262,228413,229262,33476146,146,1157183,-679334,477849,Net sink,11946221,16018.0,-2.9631209571540107
Maluku Utara,Ternate,16198,14260,13770,14260,1507380,106,58736,-47274,11463,Net sink,286569,654.0,-3.314914802608513
Maluku Utara,Tidore Kepulauan,168393,166211,165475,166211,24980426,150,564300,-357523,206776,Net sink,5169410,6932.0,-2.1510059442158207
Nusa Tenggara Barat,Bima,420885,200254,207342,200254,21275112,106,668357,-84948,583408,Net sink,14585213,24722.0,-0.4241991460887369
Nusa Tenggara Barat,Dompu,228153,130948,140125,130948,14329679,109,500755,128994,629749,Net source,15743712,25987.0,0.985070523638974
Nusa Tenggara Barat,Kota Bima,21101,9693,9599,9693,856980,88,57171,-43980,13191,Net sink,329773,583.0,-4.536826903239117
Nusa Tenggara Barat,Lombok Barat,92354,52329,55887,52329,5732906,110,277198,-121319,155878,Net sink,3896952,5981.0,-2.318345117523409
Nusa Tenggara Barat,Lombok Tengah,116686,33328,34723,33328,3392548,102,144218,-96160,48058,Net sink,1201449,1965.0,-2.8851750727594587
Nusa Tenggara Barat,Lombok Timur,160700,66928,71540,66928,7635684,114,254669,-205484,49185,Net sink,1229626,1917.0,-3.0701788462400454
Nusa Tenggara Barat,Lombok Utara,81190,53693,53449,53693,6558489,122,202742,-141124,61618,Net sink,1540445,2292.0,-2.6283011137184786
Nusa Tenggara Barat,Mataram,6021,640,619,640,39319,61,4091,-3915,176,Net sink,4389,4.0,-6.107644305772231
Nusa Tenggara Barat,Sumbawa,664650,447452,454096,447452,51062143,114,1135655,-390194,745460,Net sink,18636508,35357.0,-0.8720334873159863
Nusa Tenggara Barat,Sumbawa Barat,175311,139422,141185,139422,16876347,121,440214,-273575,166638,Net sink,4165961,7041.0,-1.9621941860381715
Nusa Tenggara Timur,Alor,293749,200287,193972,200287,19974431,100,449151,-263233,185918,Net sink,4647948,9124.0,-1.3142724476753476
Nusa Tenggara Timur,Belu,223196,70999,54509,70999,5535348,78,247578,-88673,158906,Net sink,3972640,7908.0,-1.2489154929577464
Nusa Tenggara Timur,Ende,206727,164316,164785,164316,16566844,101,847740,-669241,178499,Net sink,4462476,7810.0,-4.07286525435591
Nusa Tenggara Timur,Flores Timur,174830,115049,119110,115049,11210120,97,283975,-106209,177766,Net sink,4444142,8865.0,-0.923155149934811
Nusa Tenggara Timur,Kota Kupang,15663,2632,1819,2632,193443,73,6464,-2943,3521,Net sink,88018,195.0,-1.1177364223319408
Nusa Tenggara Timur,Kupang,510985,257412,223669,257412,20576822,80,581684,-180885,400799,Net sink,10019986,22530.0,-0.7027034376663184
Nusa Tenggara Timur,Lembata,125920,66279,67340,66279,6295320,95,159778,-114976,44802,Net sink,1120038,2287.0,-1.7347012673506337
Nusa Tenggara Timur,Manggarai,134140,101681,98452,101681,10505454,103,279295,-183230,96065,Net sink,2401626,4239.0,-1.8019905194626384
Nusa Tenggara Timur,Manggarai Barat,313582,197080,198604,197080,20337726,103,632830,-405526,227304,Net sink,5682594,9660.0,-2.0576615706232464
Nusa Tenggara Timur,Manggarai Timur,240191,178652,180472,178652,18206062,102,562757,-381478,181279,Net sink,4531986,7941.0,-2.1353013943230734
Nusa Tenggara Timur,Nagekeo,144093,58777,61224,58777,5387022,92,350893,-316152,34742,Net sink,868546,1547.0,-5.378747150294328
Nusa Tenggara Timur,Ngada,168805,93123,93423,93123,8729870,94,371437,-316511,54926,Net sink,1373150,2375.0,-3.3988123362398523
Nusa Tenggara Timur,Rote Ndao,128598,44045,31536,44045,2823957,64,234891,-208483,26408,Net sink,660196,1413.0,-4.733301548381238
Nusa Tenggara Timur,Sabu Raijua,46095,3646,2650,3646,264477,73,7644,-2755,4889,Net sink,122235,230.0,-0.7554154099259666
Nusa Tenggara Timur,Sikka,169389,112352,115171,112352,11046202,98,625883,-502696,123187,Net sink,3079668,5581.0,-4.474255249081021
Nusa Tenggara Timur,Sumba Barat,71005,29459,27159,29459,2760328,94,167498,-34607,132892,Net sink,3322289,4954.0,-1.1747114731839783
Nusa Tenggara Timur,Sumba Barat Daya,140575,70897,70039,70897,6369431,90,402470,-163966,238503,Net sink,5962581,9668.0,-2.3127027560721034
Nusa Tenggara Timur,Sumba Tengah,181440,63933,63174,63933,6273250,98,304672,-257542,47130,Net sink,1178248,2077.0,-4.028247880626896
Nusa Tenggara Timur,Sumba Timur,698581,217075,221655,217075,20231772,93,1050977,-775580,275398,Net sink,6884942,12740.0,-3.5728500617295325
Nusa Tenggara Timur,Timor Tengah Selatan,395422,163796,134415,163796,13873057,85,422008,30988,452996,Net source,11324900,23473.0,0.18918539411588736
Nusa Tenggara Timur,Timor Tengah Utara,261385,86580,67633,86580,7215794,83,196530,-28857,167673,Net sink,4191828,8258.0,-0.333294833739504
Papua,Asmat,2502452,2404968,2398745,2404968,327369398,136,6896719,-6481138,415581,Net sink,10389517,13891.0,-2.694894611947181
Papua,Biak Numfor,225218,218486,216121,218486,31711032,145,648784,-132295,516488,Net sink,12912204,18979.0,-0.6055051330285097
Papua,Boven Digoel,2363754,2319725,2314754,2319725,354220710,153,4559571,-2200323,2359247,Net sink,58981186,75160.0,-0.9485271105294332
Papua,Deiyai,183710,175245,173892,175245,25427027,145,70635,-81,70554,Net sink,1763846,2600.0,-0.0004622074112961209
Papua,Dogiyai,464452,457198,453564,457198,71947093,157,187492,-12859,174633,Net sink,4365819,5730.0,-0.028125608323727742
Papua,Intan Jaya,463305,461511,460657,461511,78392825,170,-268967,553937,284970,Net source,7124241,9789.0,1.200265648563851
Papua,Jayapura,1434858,1403315,1402911,1403315,239129121,170,2713228,-1563828,1149400,Net sink,28735001,40519.0,-1.1143805101630708
Papua,Jayawijaya,263681,230327,226587,230327,31675431,138,87537,170296,257833,Net source,6445815,10541.0,0.7393629953805009
Papua,Keerom,908161,898831,897124,898831,162175831,180,1608697,-111676,1497021,Net sink,37425529,43194.0,-0.12424568773697421
Papua,Kepulauan Yapen,243345,240663,239532,240663,37940691,158,538240,-348326,189914,Net sink,4747842,6249.0,-1.4473539873017984
Papua,Kota Jayapura,75834,69046,68062,69046,10253602,149,164419,91712,256131,Net source,6403283,9214.0,1.3282546671108086
Papua,Lanny Jaya,368651,319719,322819,319719,47706218,149,27220,187011,214231,Net source,5355778,8504.0,0.5849211810334042
Papua,Mamberamo Raya,2890361,2802441,2791595,2802441,413543876,148,7498720,-6661951,836769,Net sink,20919228,23825.0,-2.3771949606807206
Papua,Mamberamo Tengah,308666,301595,299572,301595,47401636,157,335515,-55842,279673,Net sink,6991831,9473.0,-0.18515497553017946
Papua,Mappi,2582570,2417154,2435150,2417154,261668432,108,8196380,-6234779,1961601,Net sink,49040015,60059.0,-2.5793873375931624
Papua,Merauke,4377986,3454582,3655186,3454582,353566005,102,10545097,-5832837,4712260,Net sink,117806491,173133.0,-1.6884344651727865
Papua,Mimika,1782750,1704635,1696261,1704635,260513682,153,8480592,-6651887,1828706,Net sink,45717646,49432.0,-3.9022330867117674
Papua,Nabire,1226415,1212272,1208669,1212272,196727350,162,2194450,-130336,2064114,Net sink,51602853,58145.0,-0.10751373659233522
Papua,Nduga,697253,679016,677202,679016,113008439,166,515886,-309248,206638,Net sink,5165941,6406.0,-0.4554348418375387
Papua,Paniai,470940,424402,421778,424402,66318540,156,-26975,149112,122137,Net source,3053435,4180.0,0.3513453015176613
Papua,Pegunungan Bintang,1528480,1502254,1501905,1502254,248387818,165,971226,435079,1406305,Net source,35157625,47005.0,0.2896172753627047
Papua,Puncak,796554,753506,761636,753506,120347548,160,253694,88045,341740,Net source,8543489,11996.0,0.11684695696257633
Papua,Puncak Jaya,441972,434762,430678,434762,67258698,155,78383,186318,264701,Net source,6617515,9887.0,0.4285507276378165
Papua,Sarmi,1403771,1388751,1384740,1388751,226256748,163,2609428,-1796267,813161,Net sink,20329024,23979.0,-1.293439721418943
Papua,Supiori,67089,65796,65548,65796,10064762,153,191566,-150649,40917,Net sink,1022921,1473.0,-2.289602869431737
Papua,Tolikara,364396,360191,355652,360191,56892240,158,117605,288870,406475,Net source,10161880,14966.0,0.8019889392324094
Papua,Waropen,1079632,1073031,1071806,1073031,178780665,167,2053854,-1698991,354863,Net sink,8871568,10766.0,-1.5833553892148604
Papua,Yahukimo,1461526,1402781,1401874,1402781,225757622,161,1172940,-115916,1057024,Net sink,26425597,34844.0,-0.08263293940184577
Papua,Yalimo,400354,391581,390306,391581,63370358,162,554403,-173885,380518,Net sink,9512955,12319.0,-0.4440576941738895
Papua Barat,Fakfak,1098676,1043564,1034766,1043564,170228079,163,2060847,-351306,1709541,Net sink,42738516,55298.0,-0.3366402667778241
Papua Barat,Kaimana,1615074,1548074,1546514,1548074,260008605,168,3567549,-2446817,1120732,Net sink,28018306,33862.0,-1.5805545596951052
Papua Barat,Kota Sorong,29732,26510,26071,26510,4099823,155,90289,-19023,71266,Net sink,1781651,2495.0,-0.7175512051601222
Papua Barat,Manokwari,1288041,1256934,1249521,1256934,197992958,158,1664124,94078,1758202,Net source,43955048,63610.0,0.07484714802276968
Papua Barat,Maybrat,330305,324831,324271,324831,53883698,166,646915,-256895,390020,Net sink,9750502,13082.0,-0.7908549650280761
Papua Barat,Raja Ampat,779871,709205,706350,709205,117218083,165,1565612,-1107796,457817,Net sink,11445415,15433.0,-1.562022881927113
Papua Barat,Sorong,778913,742508,737171,742508,120811182,163,2486584,-563529,1923054,Net sink,48076355,56302.0,-0.758952416738383
Papua Barat,Sorong Selatan,565395,544511,543100,544511,74024415,136,2684395,-1499105,1185289,Net sink,29632237,30856.0,-2.7531165520686414
Papua Barat,Tambrauw,647220,636981,634323,636981,109027847,171,984088,-609004,375084,Net sink,9377106,11282.0,-0.9560772517904744
Papua Barat,Teluk Bintuni,2075437,1988916,1985711,1988916,304632315,153,8594335,-6733793,1860542,Net sink,46513553,55709.0,-3.3856581244968997
Papua Barat,Teluk Wondama,643596,634427,632326,634427,110328528,174,1156261,-620837,535425,Net sink,13385620,16064.0,-0.9785775533236238
Riau,Bengkalis,850881,753336,712105,753336,71230478,95,3992284,16060891,20053176,Net source,501329393,438225.0,21.31966304588783
Riau,Dumai,227016,204230,174343,204230,18872955,92,1113004,5237643,6350647,Net source,158766185,138964.0,25.645680626349574
Riau,Indragiri Hilir,1342552,1194491,1195161,1194491,85216390,71,13731763,6682435,20414198,Net source,510354952,493463.0,5.594374010039414
Riau,Indragiri Hulu,808371,747162,723330,747162,90710573,121,3006074,9531846,12537920,Net source,313448011,402009.0,12.7573849347465
Riau,Kampar,1075695,917265,906954,917265,96135080,105,3448848,7313347,10762195,Net source,269054873,470411.0,7.972983845471216
Riau,Kepulauan Meranti,364102,348112,340958,348112,31672715,91,2152292,4466080,6618372,Net source,165459304,131295.0,12.829397350860209
Riau,Kuantan Singingi,529238,439631,462072,439631,53372955,121,2667282,4323802,6991084,Net source,174777101,275108.0,9.83504840411981
Riau,Pekanbaru,62562,32650,31341,32650,2127478,65,196542,90031,286573,Net source,7164330,16236.0,2.757373434198034
Riau,Pelalawan,1306674,1166441,1153548,1166441,125893595,108,7207417,25329996,32537413,Net source,813435329,720885.0,21.715606948309475
Riau,Rokan Hilir,909256,786585,683150,786585,66169791,84,3432511,15183728,18616239,Net source,465405964,519025.0,19.303328561657594
Riau,Rokan Hulu,729576,585052,593591,585052,61398220,105,2641384,6891495,9532879,Net source,238321973,357379.0,11.779266151955463
Riau,Siak,782110,673832,669909,673832,67129447,100,4107186,14787616,18894802,Net source,472370050,434571.0,21.945520626030486
Sulawesi Barat,Majene,90142,74790,74016,74790,9718100,130,301304,-43415,257889,Net sink,6447225,9425.0,-0.5804842828682596
Sulawesi Barat,Mamasa,296990,270430,270161,270430,36896423,136,212213,402954,615167,Net source,15379166,22705.0,1.4900436710288392
Sulawesi Barat,Mamuju,766616,722953,699932,722953,101010750,140,1296060,2856102,4152162,Net source,103804047,148077.0,3.950599899855316
Sulawesi Barat,Mamuju Utara,295149,278803,269084,278803,35602621,128,1156753,1047453,2204206,Net source,55105149,78470.0,3.7569511197830736
Sulawesi Barat,Polewali Mandar,208237,166887,165447,166887,19803590,119,886356,-119553,766802,Net sink,19170062,27457.0,-0.7163666650687887
Sulawesi Selatan,Bantaeng,39885,21014,21768,21014,2074173,99,72781,-38295,34486,Net sink,862152,1354.0,-1.822269807280514
Sulawesi Selatan,Barru,118867,80820,85073,80820,9310682,115,403599,-298652,104947,Net sink,2623665,4106.0,-3.695227725467391
Sulawesi Selatan,Bone,460382,227321,240624,227321,21322281,94,1586190,-673121,913069,Net sink,22826733,35883.0,-2.9610904355935634
Sulawesi Selatan,Bulukumba,116573,65703,60633,65703,6079621,93,495564,-357073,138491,Net sink,3462283,5535.0,-5.434570193595519
Sulawesi Selatan,Enrekang,182474,141292,135674,141292,17602453,125,414553,46745,461298,Net source,11532448,18084.0,0.33083733801391435
Sulawesi Selatan,Gowa,180517,99150,98007,99150,10855742,109,434999,-259470,175529,Net sink,4388236,6879.0,-2.6169176306845117
Sulawesi Selatan,Jeneponto,79622,10226,10583,10226,920550,90,38340,-25559,12781,Net sink,319524,490.0,-2.499168866725335
Sulawesi Selatan,Kepulauan Selayar,117333,85122,88944,85122,9097079,107,522861,-296427,226433,Net sink,5660837,8862.0,-3.4823373236375597
Sulawesi Selatan,Luwu,289848,220318,213326,220318,24273917,110,977986,313199,1291185,Net source,32279622,48946.0,1.4215705408975168
Sulawesi Selatan,Luwu Timur,670995,558453,551536,558453,74598987,134,1110011,1953153,3063164,Net source,76579090,108322.0,3.4974286154275913
Sulawesi Selatan,Luwu Utara,757373,706102,679659,706102,93490081,132,438636,1195870,1634506,Net source,40862640,66045.0,1.693619769353763
Sulawesi Selatan,Makassar,18282,1152,1317,1152,57231,50,17758,-16133,1625,Net sink,40635,57.0,-13.992194275802255
Sulawesi Selatan,Maros,144108,89086,93824,89086,9826689,110,440947,-276317,164630,Net sink,4115750,6456.0,-3.101653439895832
Sulawesi Selatan,Palopo,28106,21352,21222,21352,2210939,104,75780,-7281,68499,Net sink,1712481,2813.0,-0.34098253172856274
Sulawesi Selatan,Pangkajene Dan Kepulauan,88148,41883,42936,41883,4099160,98,220083,-182277,37806,Net sink,945153,1733.0,-4.351948237990641
Sulawesi Selatan,Parepare,8770,2801,3580,2801,253571,91,16126,-7551,8575,Net sink,214371,396.0,-2.694860813704497
Sulawesi Selatan,Pinrang,191033,102508,101261,102508,11369982,111,397791,18854,416645,Net source,10416121,17360.0,0.1839253138748793
Sulawesi Selatan,Sidenreng Rappang,198058,107842,102100,107842,13775408,128,336904,156742,493646,Net source,12341154,19516.0,1.4534276679988503
Sulawesi Selatan,Sinjai,87109,55872,57140,55872,5545163,99,350470,-295078,55392,Net sink,1384801,1909.0,-5.281227068530417
Sulawesi Selatan,Soppeng,136132,80698,82910,80698,7892411,98,651720,-382891,268830,Net sink,6720742,9895.0,-4.74468085106383
Sulawesi Selatan,Takalar,57277,11326,10009,11326,881256,78,92124,-72403,19721,Net sink,493029,823.0,-6.3920720402577915
Sulawesi Selatan,Tana Toraja,202218,144347,148595,144347,16833922,117,266712,-50774,215938,Net sink,5398440,8923.0,-0.3517471665696788
Sulawesi Selatan,Toraja Utara,123879,95325,96109,95325,11606585,122,92778,11090,103868,Net source,2596706,4399.0,0.11633762037639259
Sulawesi Selatan,Wajo,250469,68382,65461,68382,5033907,74,476343,-149415,326927,Net sink,8173185,14925.0,-2.184972873374962
Sulawesi Tengah,Banggai,836743,765152,760076,765152,103366106,135,2365256,933206,3298462,Net source,82461551,126121.0,1.2196331975434977
Sulawesi Tengah,Banggai Kepulauan,304850,288151,283339,288151,33626438,117,1475837,21571,1497408,Net source,37435195,55109.0,0.07485979621866237
Sulawesi Tengah,Buol,386469,372836,371372,372836,56378907,151,669061,1270654,1939715,Net source,48492879,65131.0,3.408068405228022
Sulawesi Tengah,Donggala,490616,470814,467398,470814,66469053,141,1644153,53008,1697161,Net source,42429017,59068.0,0.11258774677952062
Sulawesi Tengah,Morowali,1308977,1218919,1207050,1218919,172699246,142,2430104,2682897,5113001,Net source,127825031,183028.0,2.2010443671446853
Sulawesi Tengah,Palu,38851,22104,21929,22104,2622771,119,91171,-15856,75314,Net sink,1882863,3051.0,-0.7173037774259218
Sulawesi Tengah,Parigi Moutong,577199,519024,501725,519024,66997693,129,1699421,824927,2524348,Net source,63108703,92962.0,1.589378160974905
Sulawesi Tengah,Poso,731346,648300,636071,648300,91383095,141,342718,1692899,2035617,Net source,50890413,74618.0,2.6112854985569975
Sulawesi Tengah,Sigi,542798,504788,504363,504788,72836810,144,162543,1199775,1362317,Net source,34057934,48907.0,2.3767851518159073
Sulawesi Tengah,Tojo Una-Una,538753,508331,497437,508331,70985681,140,1044610,1829113,2873723,Net source,71843066,115086.0,3.5982645200380854
Sulawesi Tengah,Toli-Toli,359038,340612,338158,340612,48002642,141,1039205,529581,1568787,Net source,39219674,51323.0,1.5547879851914048
Sulawesi Tenggara,Bau-Bau,29071,23265,24138,23265,2483605,107,105393,1185,106577,Net source,2664435,4450.0,0.05093269148113126
Sulawesi Tenggara,Bombana,333758,238965,234802,238965,28583202,120,1145786,227029,1372814,Net source,34320358,49547.0,0.9500472870617578
Sulawesi Tenggara,Buton,303161,246738,253412,246738,26792852,109,1064748,-126930,937818,Net sink,23445440,39799.0,-0.5144302278926315
Sulawesi Tenggara,Buton Utara,168220,162726,164039,162726,21612008,133,726965,-46277,680688,Net sink,17017208,25432.0,-0.28438427550437234
Sulawesi Tenggara,Kendari,26901,17003,17311,17003,1731470,102,80724,52435,133159,Net source,3328966,5772.0,3.0836861914843565
Sulawesi Tenggara,Kolaka,673276,621433,610257,621433,89193000,144,1344014,2370869,3714884,Net source,92872091,126157.0,3.8151581664344083
Sulawesi Tenggara,Kolaka Utara,332211,319597,311155,319597,46115865,144,382928,1043708,1426636,Net source,35665904,48093.0,3.265690023091509
Sulawesi Tenggara,Konawe,578388,521817,520865,521817,74935850,144,1381627,437227,1818854,Net source,45471351,67007.0,0.837891755362981
Sulawesi Tenggara,Konawe Selatan,425188,323284,326643,323284,36833188,114,2055843,427395,2483238,Net source,62080950,93087.0,1.3220378303973275
Sulawesi Tenggara,Konawe Utara,467998,447372,441570,447372,68785093,154,907179,834245,1741424,Net source,43535594,60304.0,1.864763854769957
Sulawesi Tenggara,Muna,275794,216391,221126,216391,19737344,91,1263838,263594,1527432,Net source,38185790,69639.0,1.2181319087581797
Sulawesi Tenggara,Wakatobi,49127,25246,25907,25246,2156016,85,161306,-103987,57319,Net sink,1432980,2622.0,-4.118786390462233
Sulawesi Utara,Bitung,31721,27709,27126,27709,3438233,124,361653,-288398,73255,Net sink,1831377,2270.0,-10.407722843738723
Sulawesi Utara,Bolaang Mongondow,333463,296362,293482,296362,42233053,143,960226,-84586,875640,Net sink,21890997,29333.0,-0.28541349628664847
Sulawesi Utara,Bolaang Mongondow Selatan,180221,174604,171219,174604,25487537,146,348950,307369,656320,Net source,16407998,22016.0,1.7603676870650897
Sulawesi Utara,Bolaang Mongondow Timur,89660,82747,80366,82747,11003330,133,387437,-20211,367225,Net sink,9180629,12732.0,-0.24424759510803887
Sulawesi Utara,Bolaang Mongondow Utara,162000,147336,146355,147336,22569246,153,455362,105180,560542,Net source,14013559,20304.0,0.7138736366289526
Sulawesi Utara,Kepulauan Sangihe,59949,55600,54778,55600,6708239,121,100096,-96662,3434,Net sink,85845,953.0,-1.7384939119800003
Sulawesi Utara,Kepulauan Talaud,101585,96772,96061,96772,12123001,125,447034,-288995,158039,Net sink,3950972,5913.0,-2.986318497928141
Sulawesi Utara,Kotamobagu,5062,3091,2776,3091,350050,113,38304,-30310,7994,Net sink,199848,234.0,-9.802716688227685
Sulawesi Utara,Manado,16313,11078,9921,11078,1120997,101,173312,-138667,34646,Net sink,866148,1189.0,-12.516201823269249
Sulawesi Utara,Minahasa,115201,89662,88655,89662,9906779,110,1001863,-839491,162372,Net sink,4059304,5792.0,-9.362736022662636
Sulawesi Utara,Minahasa Selatan,148460,135768,135115,135768,17634722,130,1727614,-1443471,284143,Net sink,7103564,9136.0,-10.63181580478607
Sulawesi Utara,Minahasa Tenggara,70902,66701,65206,66701,8474279,127,1136160,-937584,198576,Net sink,4964400,5574.0,-14.056310155617522
Sulawesi Utara,Minahasa Utara,99436,88319,86811,88319,9661948,109,1082484,-820631,261854,Net sink,6546338,9052.0,-9.291564764492753
Sulawesi Utara,Siau Tagulandang Biaro,22028,18715,18983,18715,2412276,129,96216,-48786,47430,Net sink,1185742,1621.0,-2.606646719384484
Sulawesi Utara,Tomohon,14712,11042,10446,11042,1177686,107,69024,-60655,8369,Net sink,209224,325.0,-5.492619759123427
Sumatera Barat,Agam,223867,177994,170326,177994,20484648,115,679451,39835,719286,Net source,17982157,33053.0,0.2237984213039692
Sumatera Barat,Bukittinggi,2384,956,786,956,91874,96,5359,-4190,1168,Net sink,29210,43.0,-4.3782654127481715
Sumatera Barat,Danau,10748,74,71,74,7234,98,432,-414,18,Net sink,444,0.0,-5.52
Sumatera Barat,Dharmasraya,300791,270822,264888,270822,33207368,123,1118223,2175941,3294164,Net source,82354090,152761.0,8.034550241301515
Sumatera Barat,Kepulauan Mentawai,599068,588269,587545,588269,77565374,132,1538794,-708238,830556,Net sink,20763894,33099.0,-1.2039335679194927
Sumatera Barat,Kota Solok,6088,4405,3942,4405,499454,113,19609,-5562,14047,Net sink,351180,519.0,-1.262369496141625
Sumatera Barat,Lima Puluh Kota,326936,299001,284457,299001,39467610,132,1008349,236685,1245035,Net source,31125870,44847.0,0.7915833338907432
Sumatera Barat,Padang,68666,51587,50221,51587,7432266,144,130657,-23282,107375,Net sink,2684383,3664.0,-0.45130650538885014
Sumatera Barat,Padang Panjang,2110,1177,1055,1177,125159,106,2329,-1744,585,Net sink,14617,21.0,-1.4804753820033956
Sumatera Barat,Padang Pariaman,135161,117034,111139,117034,14131405,121,796363,-527001,269362,Net sink,6734042,9926.0,-4.502935019438629
Sumatera Barat,Pariaman,6530,4093,3760,4093,328064,80,35603,-27441,8162,Net sink,204057,344.0,-6.702735710796287
Sumatera Barat,Pasaman,393290,365437,358403,365437,52604078,144,739976,918884,1658859,Net source,41471483,56542.0,2.514473043306936
Sumatera Barat,Pasaman Barat,373766,307124,310887,307124,33030538,108,1527964,991692,2519656,Net source,62991400,123309.0,3.228952380952381
Sumatera Barat,Payakumbuh,7525,4116,2932,4116,361247,88,24286,-19591,4695,Net sink,117376,191.0,-4.758562059752247
Sumatera Barat,Pesisir Selatan,610096,568363,543015,568363,81926894,144,1148978,3855688,5004665,Net source,125116627,145868.0,6.783835710917652
Sumatera Barat,Sawahlunto,23858,20527,19657,20527,2535202,124,114378,-25359,89019,Net sink,2225476,2828.0,-1.2353371005455962
Sumatera Barat,Sijunjung,306454,291124,290461,291124,43347751,149,884708,1329195,2213903,Net source,55347580,72313.0,4.565719192786604
Sumatera Barat,Solok,324640,285436,277822,285436,41114342,144,506319,-46220,460099,Net sink,11502475,15925.0,-0.16192715029936552
Sumatera Barat,Solok Selatan,361040,341919,343824,341919,51946154,152,735655,1401562,2137217,Net source,53430416,84272.0,4.0990933551708
Sumatera Barat,Tanah Datar,131566,111315,106986,111315,13862957,125,386238,-190477,195761,Net sink,4894026,6494.0,-1.7111376621509935
Sumatera Selatan,Banyu Asin,1113177,785587,724801,785587,45733286,58,7573452,2802679,10376131,Net source,259403274,356777.0,3.567619413738499
Sumatera Selatan,Empat Lawang,239039,219717,215217,219717,22976194,105,1435604,-2013,1433590,Net sink,35839761,52990.0,-0.009161743689638537
Sumatera Selatan,Lahat,423319,374419,374848,374419,38682324,103,2549558,1012905,3562464,Net source,89061587,127931.0,2.7052641418727634
Sumatera Selatan,Lubuklinggau,36874,33690,32639,33690,3366303,100,202955,75266,278221,Net source,6955521,10051.0,2.2340090825442998
Sumatera Selatan,Muara Enim,852897,742631,698049,742631,61171915,82,5661707,4980599,10642306,Net source,266057648,420837.0,6.70668514149673
Sumatera Selatan,Musi Banyuasin,1478081,1288614,1207994,1288614,106654279,83,9066186,15917712,24983898,Net source,624597438,805751.0,12.352573887468328
Sumatera Selatan,Musi Rawas,1215776,1114432,1113878,1114432,119889292,108,5811089,6978884,12789973,Net source,319749326,488524.0,6.26227328157009
Sumatera Selatan,Ogan Ilir,238426,141491,134893,141491,7333447,52,1062078,94317,1156395,Net source,28909862,64976.0,0.6665889237554067
Sumatera Selatan,Ogan Komering Ilir,1794664,1345710,1298366,1345710,53086787,39,15974716,16181718,32156434,Net source,803910854,752039.0,12.024660569765722
Sumatera Selatan,Ogan Komering Ulu,386604,331365,314510,331365,31867027,96,1847748,1224008,3071756,Net source,76793903,138676.0,3.693824954883724
Sumatera Selatan,Ogan Komering Ulu Selatan,444682,397619,381400,397619,40211326,101,1814761,388819,2203579,Net source,55089487,86461.0,0.9778658015190382
Sumatera Selatan,Ogan Komering Ulu Timur,339950,163618,149569,163618,11780742,72,1284678,135875,1420553,Net source,35513819,70741.0,0.8304353406389233
Sumatera Selatan,Pagar Alam,59083,53487,51910,53487,5539992,104,548383,-417432,130951,Net sink,3273767,5118.0,-7.804217768471433
Sumatera Selatan,Palembang,35881,9462,8658,9462,367430,39,74481,-13817,60664,Net sink,1516607,3427.0,-1.4601077882278348
Sumatera Selatan,Prabumulih,40663,35758,34020,35758,2508638,70,301742,114475,416218,Net source,10405440,20334.0,3.2012919824379877
Sumatera Utara,Asahan,377793,338095,325530,338095,31611461,93,2305199,59422,2364621,Net source,59115524,137574.0,0.17575481520041644
Sumatera Utara,Batu Bara,91382,48984,47949,48984,3227549,66,480637,-286802,193835,Net sink,4845868,19207.0,-5.854894355414923
Sumatera Utara,Dairi,199306,161233,152962,161233,18725028,116,618390,189026,807416,Net source,20185391,29097.0,1.1723705918106604
Sumatera Utara,Deli Serdang,258633,146543,149040,146543,14456885,99,1056475,-314642,741833,Net sink,18545832,37438.0,-2.1470821050333004
Sumatera Utara,Gunungsitoli,31183,28753,28294,28753,2773657,96,180104,-144746,35358,Net sink,883956,1478.0,-5.033943103568199
Sumatera Utara,Humbang Hasundutan,253144,220202,212601,220202,29029168,132,657103,455485,1112588,Net source,27814705,38028.0,2.068477722828481
Sumatera Utara,Karo,215152,149691,139459,149691,17031995,114,511205,173768,684972,Net source,17124304,28048.0,1.160836918472597
Sumatera Utara,Kota Binjai,9419,2661,2690,2661,197546,74,24868,-20316,4552,Net sink,113798,200.0,-7.631855747558227
Sumatera Utara,Kota Medan,28319,3557,3603,3557,174155,49,59720,-51061,8659,Net sink,216481,314.0,-14.351039910061832
Sumatera Utara,Kota Tanjungbalai,6080,3786,3199,3786,223722,59,71562,-35416,36146,Net sink,903653,925.0,-9.351993662529708
Sumatera Utara,Labuhanbatu,272669,220358,203080,220358,15799258,72,1052441,1484609,2537050,Net source,63426242,124092.0,6.737228794830254
Sumatera Utara,Labuhanbatu Selatan,310503,260013,247520,260013,21309752,82,1209645,497106,1706751,Net source,42668774,163935.0,1.9118432084426222
Sumatera Utara,Labuhanbatu Utara,354388,300661,300890,300661,27104217,90,1337378,316297,1653675,Net source,41341884,111947.0,1.0520019157725287
Sumatera Utara,Lake Toba,110256,1184,1105,1184,108429,92,3922,-494,3428,Net sink,85711,143.0,-0.41687763713080167
Sumatera Utara,Langkat,622817,512157,511080,512157,55788473,109,2460696,-712512,1748185,Net sink,43704619,130810.0,-1.391195685706364
Sumatera Utara,Mandailing Natal,653794,617108,594735,617108,84617386,137,1678168,3175443,4853611,Net source,121340282,173839.0,5.1456760475053835
Sumatera Utara,Nias,83997,75471,74687,75471,7195608,95,457868,-302903,154965,Net sink,3874121,6703.0,-4.013448696205216
Sumatera Utara,Nias Barat,47968,44155,43667,44155,4074733,92,282169,-219037,63132,Net sink,1578293,2710.0,-4.9605263157894735
Sumatera Utara,Nias Selatan,249978,228851,227803,228851,24567495,107,1137808,-584113,553695,Net sink,13842384,22167.0,-2.552361351441106
Sumatera Utara,Nias Utara,120255,112149,110507,112149,10264057,92,658494,-346311,312183,Net sink,7804577,13322.0,-3.087926883637985
Sumatera Utara,Padang Lawas,381399,289404,289214,289404,37657756,130,1945249,1931081,3876330,Net source,96908247,129400.0,6.672590314611012
Sumatera Utara,Padang Lawas Utara,395695,263341,297364,263341,29020985,110,1446924,713697,2160621,Net source,54015532,96225.0,2.710152577256951
Sumatera Utara,Padangsidimpuan,13473,8974,8713,8974,851448,95,53688,-17584,36104,Net sink,902600,1368.0,-1.9592200557103063
Sumatera Utara,Pakpak Barat,132192,126109,125042,126109,18927542,150,240847,230139,470986,Net source,11774649,15425.0,1.8249068273729283
Sumatera Utara,Pematangsiantar,7688,2461,1874,2461,221918,90,12500,2244,14744,Net source,368599,887.0,0.9114541023558083
Sumatera Utara,Samosir,123729,74138,73213,74138,8941037,121,333582,170236,503817,Net source,12595428,15745.0,2.296173404011384
Sumatera Utara,Serdang Bedagai,192968,118129,115587,118129,10182830,86,606584,-102051,504533,Net sink,12613315,56419.0,-0.8638872428680268
Sumatera Utara,Sibolga,1089,525,507,525,57431,109,3036,-1118,1919,Net sink,47967,66.0,-2.1254752851711025
Sumatera Utara,Simalungun,440037,332983,318371,332983,33561704,101,1553427,-41870,1511557,Net sink,37788929,117757.0,-0.12574177738269707
Sumatera Utara,Tapanuli Selatan,411949,383476,368809,383476,51456304,134,1146059,1545380,2691439,Net source,67285968,90307.0,4.029915744620929
Sumatera Utara,Tapanuli Tengah,235400,214072,208061,214072,24691374,115,865050,593544,1458594,Net source,36464851,59156.0,2.772624291713574
Sumatera Utara,Tapanuli Utara,371488,310521,306579,310521,40905480,132,492271,515555,1007827,Net source,25195673,40059.0,1.6602849395533972
Sumatera Utara,Tebingtinggi,3993,960,943,960,76006,79,6966,-3232,3734,Net sink,93351,224.0,-3.3631633714880333
Sumatera Utara,Toba Samosir,214573,184146,177469,184146,21772968,118,457720,244009,701729,Net source,17543231,28913.0,1.3250772480681194
Yogyakarta,Bantul,51562,20072,19612,20072,1494844,74,125678,-122331,3347,Net sink,83668,124.0,-6.094305783888806
Yogyakarta,Gunung Kidul,147430,52361,41967,52361,3783455,72,369671,-352592,17079,Net sink,426981,730.0,-6.733738207096749
Yogyakarta,Kota Yogyakarta,3291,54,27,54,3819,71,802,-793,9,Net sink,221,0.0,-14.418181818181818
Yogyakarta,Kulon Progo,57942,34858,34491,34858,2902504,83,209782,-205531,4250,Net sink,106260,167.0,-5.896067012823087
Yogyakarta,Sleman,57464,25900,20052,25900,2131029,82,178302,-166428,11874,Net sink,296841,423.0,-6.42554341531215
