subnational1,subnational2,gross_emissions_Mg_CO2e,share,cum_share,rank
Riau,Pelalawan,813435329,0.03448601663626815,0.03448601663626815,1
Sumatera Selatan,Ogan Komering Ilir,803910854,0.03408222153223018,0.06856823816849833,2
Kalimantan Barat,Ketapang,678872870,0.028781170738566616,0.09734940890706495,3
Sumatera Selatan,Musi Banyuasin,624597438,0.026480135383741693,0.12382954429080664,4
Kalimantan Timur,Kutai Timur,603887622,0.025602131892071306,0.14943167618287795,5
Riau,Indragiri Hilir,510354952,0.021636765379628397,0.17106844156250633,6
Riau,Bengkalis,501329393,0.021254122080611296,0.19232256364311762,7
Riau,Siak,472370050,0.020026375572845104,0.2123489392159627,8
Riau,Rokan Hilir,465405964,0.01973112950091994,0.23208006871688264,9
Kalimantan Timur,Kutai Kartanegara,456943483,0.019372358188504885,0.2514524269053875,10
Kalimantan Tengah,Kotawaringin Timur,453051841,0.01920736998849716,0.27065979689388464,11
Kalimantan Tengah,Kapuas,415795020,0.01762784755688605,0.2882876444507707,12
Kalimantan Timur,Kutai Barat,399643012,0.016943074721555786,0.30523071917232647,13
Kalimantan Timur,Berau,386848030,0.016400624761022106,0.3216313439333486,14
Kalimantan Barat,Sintang,380025523,0.016111381004923757,0.33774272493827234,15
Kalimantan Tengah,Pulang Pisau,378935825,0.016065182687716773,0.3538079076259891,16
Kalimantan Barat,Kubu Raya,345731769,0.014657479350052202,0.3684653869760413,17
Kalimantan Barat,Sanggau,344094380,0.014588061386163836,0.3830534483622051,18
Kalimantan Tengah,Katingan,324650503,0.013763728041164073,0.39681717640336917,19
Sumatera Selatan,Musi Rawas,319749326,0.013555940076302647,0.4103731164796718,20
Kalimantan Tengah,Seruyan,318080430,0.01348518635665421,0.423858302836326,21
Riau,Indragiri Hulu,313448011,0.01328879252790748,0.43714709536423346,22
Riau,Kampar,269054873,0.011406722200956943,0.4485538175651904,23
Sumatera Selatan,Muara Enim,266057648,0.011279653277924417,0.4598334708431148,24
Kalimantan Barat,Landak,262542347,0.01113062025164005,0.4709640910947549,25
Sumatera Selatan,Banyu Asin,259403274,0.010997537608384877,0.4819616287031398,26
Jambi,Muaro Jambi,255163015,0.010817769608148333,0.49277939831128814,27
Kalimantan Tengah,Kotawaringin Barat,243680247,0.010330951647136944,0.5031103499584251,28
Jambi,Tanjung Jabung B,241648315,0.010244806826205807,0.5133551567846308,29
Riau,Rokan Hulu,238321973,0.010103784815653426,0.5234589416002843,30
Kalimantan Barat,Kapuas Hulu,235587186,0.009987842089026847,0.5334467836893111,31
Kalimantan Timur,Paser,226807251,0.009615612148082944,0.543062395837394,32
Jambi,Tebo,226551430,0.009604766482856242,0.5526671623202503,33
Jambi,Batang Hari,221383471,0.009385668155434627,0.5620528304756849,34
Kalimantan Barat,Bengkayang,194466037,0.008244489448737895,0.5702973199244228,35
Kalimantan Tengah,Lamandau,194301391,0.008237509195369658,0.5785348291197925,36
Kalimantan Selatan,Kota Baru,180824263,0.007666139298037457,0.58620096841783,37
Riau,Kuantan Singingi,174777101,0.007409766699135734,0.5936107351169657,38
Kalimantan Barat,Sambas,174296624,0.007389396625173352,0.6010001317421391,39
Kalimantan Tengah,Gunung Mas,172115582,0.007296930207727645,0.6082970619498667,40
Jambi,Tanjung Jabung T,166302790,0.007050493847677237,0.6153475557975439,41
Riau,Kepulauan Meranti,165459304,0.007014733817111292,0.6223622896146551,42
Riau,Dumai,158766185,0.00673097553301232,0.6290932651476674,43
Jambi,Merangin,155933317,0.006610874611041729,0.6357041397587091,44
Jambi,Sarolangun,154914238,0.0065676702233113905,0.6422718099820205,45
Kalimantan Tengah,Barito Utara,153175304,0.006493947205985483,0.648765757188006,46
Kalimantan Barat,Melawi,144205732,0.006113677505144637,0.6548794346931507,47
Kalimantan Barat,Kayong Utara,132091807,0.005600101312684345,0.660479536005835,48
Kalimantan Barat,Sekadau,128282159,0.005438589291233497,0.6659181252970685,49
Sulawesi Tengah,Morowali,127825031,0.0054192091103501755,0.6713373344074187,50
Kalimantan Tengah,Murung Raya,125981072,0.005341033503164817,0.6766783679105836,51
Sumatera Barat,Pesisir Selatan,125116627,0.005304384904821066,0.6819827528154047,52
Kalimantan Selatan,Tanah Bumbu,123727040,0.005245472636456161,0.6872282254518608,53
Sumatera Utara,Mandailing Natal,121340282,0.005144284781490563,0.6923725102333513,54
Papua,Merauke,117806491,0.004994467861976001,0.6973669780953273,55
Kalimantan Tengah,Barito Selatan,116684260,0.004946890291201796,0.7023138683865291,56
Jambi,Bungo,114771252,0.004865787315511747,0.7071796557020409,57
Kalimantan Timur,Penajam Paser Utara,113270480,0.004802161300862406,0.7119818170029033,58
Sulawesi Barat,Mamuju,103804047,0.004400826917801552,0.7163826439207048,59
Sumatera Utara,Padang Lawas,96908247,0.004108475866596622,0.7204911197873014,60
Bengkulu,Mukomuko,95713950,0.004057843020023216,0.7245489628073246,61
Bangka Belitung,Bangka Selatan,93099110,0.003946985509258301,0.7284959483165829,62
Sulawesi Tenggara,Kolaka,92872091,0.003937360919900505,0.7324333092364834,63
Sumatera Selatan,Lahat,89061587,0.0037758126078815094,0.7362091218443649,64
Kalimantan Tengah,Sukamara,84269264,0.0035726395653391555,0.7397817614097041,65
Bengkulu,Bengkulu Utara,83779032,0.003551855923044673,0.7433336173327487,66
Sulawesi Tengah,Banggai,82461551,0.0034960006262999116,0.7468296179590487,67
Sumatera Barat,Dharmasraya,82354090,0.0034914447609451257,0.7503210627199938,68
Sumatera Selatan,Ogan Komering Ulu,76793903,0.003255717722117726,0.7535767804421115,69
Sulawesi Selatan,Luwu Timur,76579090,0.0032466106125202195,0.7568233910546317,70
Bangka Belitung,Bangka,72944077,0.003092502333322217,0.759915893387954,71
Kalimantan Tengah,Barito Timur,72204953,0.0030611667843836177,0.7629770601723376,72
Sulawesi Tengah,Tojo Una-Una,71843066,0.003045824395557463,0.766022884567895,73
Kalimantan Barat,Pontianak,71563674,0.003033979425445475,0.7690568639933405,74
Sumatera Utara,Tapanuli Selatan,67285968,0.002852623840039048,0.7719094878333795,75
Maluku Utara,Halmahera Selatan,67127977,0.002845925728879949,0.7747554135622595,76
Kalimantan Tengah,Palangka Raya,64247050,0.002723787320443703,0.7774792008827032,77
Bangka Belitung,Bangka Barat,63992210,0.00271298324522559,0.7801921841279288,78
Sumatera Utara,Labuhanbatu,63426242,0.0026889887355605255,0.7828811728634893,79
Sulawesi Tengah,Parigi Moutong,63108703,0.0026755265034121797,0.7855566993669015,80
Sumatera Barat,Pasaman Barat,62991400,0.0026705533813147445,0.7882272527482163,81
Sulawesi Tenggara,Konawe Selatan,62080950,0.002631954376910683,0.7908592071251269,82
Aceh,Aceh Timur,60938300,0.002583511131941381,0.7934427182570682,83
Aceh,Nagan Raya,59542787,0.002524347627703998,0.7959670658847723,84
Sumatera Utara,Asahan,59115524,0.0025062335891311025,0.7984732994739034,85
Papua,Boven Digoel,58981186,0.0025005382592902187,0.8009738377331936,86
Bangka Belitung,Bangka Tengah,58021762,0.002459862976516467,0.8034337007097101,87
Sumatera Barat,Sijunjung,55347580,0.0023464896305938326,0.8057801903403039,88
Kalimantan Selatan,Banjar,55339918,0.0023461647960924936,0.8081263551363964,89
Sulawesi Barat,Mamuju Utara,55105149,0.002336211641427287,0.8104625667778237,90
Sumatera Selatan,Ogan Komering Ulu Selatan,55089487,0.002335547642737654,0.8127981144205614,91
Bangka Belitung,Belitung,54665900,0.00231758945010928,0.8151157038706707,92
Sumatera Utara,Padang Lawas Utara,54015532,0.002290016758257711,0.8174057206289284,93
Sumatera Barat,Solok Selatan,53430416,0.0022652104591079645,0.8196709310880363,94
Aceh,Aceh Singkil,51931497,0.002201663003363737,0.8218725940914001,95
Papua,Nabire,51602853,0.0021877299689265156,0.8240603240603266,96
Kalimantan Selatan,Tabalong,51601852,0.0021876875310074552,0.8262480115913341,97
Sulawesi Tengah,Poso,50890413,0.002157525702137972,0.8284055372934721,98
Maluku,Maluku Tengah,50612043,0.0021457240602510384,0.8305512613537231,99
Papua,Mappi,49040015,0.0020790771101765605,0.8326303384638997,100
Kalimantan Selatan,Tanah Laut,49010454,0.00207782385610529,0.834708162320005,101
Sulawesi Tengah,Buol,48492879,0.002055880993010741,0.8367640433130158,102
Papua Barat,Sorong,48076355,0.002038222239965107,0.8388022655529809,103
Aceh,Aceh Barat,48043826,0.002036843155979979,0.8408391087089608,104
Papua Barat,Teluk Bintuni,46513553,0.0019719664309907794,0.8428110751399516,105
Papua,Mimika,45717646,0.0019382235370391913,0.8447492986769908,106
Sulawesi Tenggara,Konawe,45471351,0.0019277817315697,0.8466770804085605,107
Kalimantan Selatan,Tapin,45036110,0.001909329461510028,0.8485864098700705,108
Bengkulu,Seluma,44933390,0.0019049745933323301,0.8504913844634028,109
Bengkulu,Kaur,44527381,0.0018877616292166854,0.8523791460926194,110
Papua Barat,Manokwari,43955048,0.0018634972720443094,0.8542426433646637,111
Sumatera Utara,Langkat,43704619,0.0018528802034805168,0.8560955235681442,112
Sulawesi Tenggara,Konawe Utara,43535594,0.0018457143001147126,0.8579412378682589,113
Aceh,Aceh Utara,43157077,0.001829666873732141,0.859770904741991,114
Maluku Utara,Halmahera Timur,42766584,0.0018131117185596931,0.8615840164605507,115
Papua Barat,Fakfak,42738516,0.0018119217610050628,0.8633959382215558,116
Sumatera Utara,Labuhanbatu Selatan,42668774,0.0018089650124025608,0.8652049032339584,117
Sulawesi Tengah,Donggala,42429017,0.0017988003888659528,0.8670037036228243,118
Sumatera Barat,Pasaman,41471483,0.0017582052336316855,0.868761908856456,119
Sumatera Utara,Labuhanbatu Utara,41341884,0.0017527108161768422,0.8705146196726329,120
Lampung,Way Kanan,41228139,0.0017478885373521512,0.8722625082099851,121
Sulawesi Selatan,Luwu Utara,40862640,0.0017323930158949816,0.8739949012258801,122
Bangka Belitung,Belitung Timur,40073533,0.0016989384115034434,0.8756938396373836,123
Sulawesi Tengah,Toli-Toli,39219674,0.0016627386121718516,0.8773565782495554,124
Aceh,Aceh Jaya,38913542,0.00164975998576049,0.8790063382353158,125
Sulawesi Tenggara,Muna,38185790,0.001618906558715551,0.8806252447940314,126
Maluku Utara,Kepulauan Sula,37860381,0.001605110673796971,0.8822303554678284,127
Sumatera Utara,Simalungun,37788929,0.0016020814288492209,0.8838324368966776,128
Sulawesi Tengah,Banggai Kepulauan,37435195,0.0015870846907264614,0.885419521587404,129
Papua,Keerom,37425529,0.001586674895595955,0.8870061964829999,130
Sumatera Utara,Tapanuli Tengah,36464851,0.0015459464488356879,0.8885521429318356,131
Aceh,Subulussalam,36005719,0.001526481307323199,0.8900786242391588,132
Sumatera Selatan,Empat Lawang,35839761,0.0015194454310280818,0.891598069670187,133
Sulawesi Tenggara,Kolaka Utara,35665904,0.0015120746724925477,0.8931101443426795,134
Sumatera Selatan,Ogan Komering Ulu Timur,35513819,0.0015056269492954566,0.894615771291975,135
Papua,Pegunungan Bintang,35157625,0.0014905259181847966,0.8961062972101598,136
Sulawesi Tenggara,Bombana,34320358,0.001455029545379727,0.8975613267555395,137
Sulawesi Tengah,Sigi,34057934,0.0014439039425111111,0.8990052306980506,138
Jambi,Kerinci,34048916,0.0014435216196798564,0.9004487523177305,139
Gorontalo,Pohuwato,33758584,0.0014312128425403759,0.9018799651602708,140
Lampung,Lampung Barat,33388883,0.0014155391750933048,0.9032955043353641,141
Sulawesi Selatan,Luwu,32279622,0.0013685114742593722,0.9046640158096235,142
Sumatera Barat,Lima Puluh Kota,31125870,0.001319597554187765,0.9059836133638113,143
Kalimantan Selatan,Balangan,29757372,0.001261579365018728,0.90724519272883,144
Aceh,Aceh Selatan,29644235,0.0012567828626723473,0.9085019755915024,145
Papua Barat,Sorong Selatan,29632237,0.0012562742011809531,0.9097582497926833,146
Aceh,Aceh Tengah,29191690,0.001237596980473395,0.9109958467731567,147
Sumatera Selatan,Ogan Ilir,28909862,0.0012256487348660714,0.9122214955080228,148
Papua,Jayapura,28735001,0.0012182354112249064,0.9134397309192477,149
Maluku,Seram Bagian Timur,28485573,0.0012076607805801744,0.9146473916998279,150
Bengkulu,Bengkulu Selatan,28408918,0.0012044109517234624,0.9158518026515513,151
Papua Barat,Kaimana,28018306,0.0011878507514837136,0.9170396534030351,152
Sumatera Utara,Humbang Hasundutan,27814705,0.0011792189804961015,0.9182188723835312,153
Papua,Yahukimo,26425597,0.0011203270195869718,0.9193391994031181,154
Kalimantan Selatan,Barito Kuala,26186631,0.0011101959309094815,0.9204493953340276,155
Aceh,Aceh Tamiang,25838464,0.0010954352086662512,0.9215448305426939,156
Sumatera Utara,Tapanuli Utara,25195673,0.0010681837476965207,0.9226130142903904,157
Maluku Utara,Halmahera Utara,24701875,0.0010472489229651056,0.9236602632133556,158
Aceh,Gayo Lues,23924763,0.0010143028528783913,0.924674566066234,159
Sulawesi Tenggara,Buton,23445440,0.000993981703350171,0.9256685477695842,160
Gorontalo,Gorontalo,23305959,0.0009880683333317374,0.9266566161029159,161
Sulawesi Selatan,Bone,22826733,0.0009677512961693003,0.9276243673990853,162
Sulawesi Utara,Bolaang Mongondow,21890997,0.0009280802785570876,0.9285524476776423,163
Kepulauan Riau,Lingga,21830500,0.000925515476569683,0.929477963154212,164
Bengkulu,Bengkulu Tengah,21733032,0.0009213832696816002,0.9303993464238937,165
Gorontalo,Gorontalo Utara,21465514,0.0009100417040160877,0.9313093881279098,166
Maluku,Maluku Tenggara Barat,21443134,0.0009090928921993346,0.9322184810201091,167
Aceh,Aceh Barat Daya,21061203,0.0008929007274994086,0.9331113817476084,168
Papua,Mamberamo Raya,20919228,0.0008868816230452742,0.9339982633706537,169
Maluku Utara,Halmahera Tengah,20882046,0.0008853052726891296,0.9348835686433429,170
Aceh,Aceh Tenggara,20813763,0.0008824103791554676,0.9357659790224984,171
Sumatera Barat,Kepulauan Mentawai,20763894,0.000880296156792212,0.9366462751792906,172
Papua,Sarmi,20329024,0.0008618596154717723,0.9375081347947624,173
Sumatera Utara,Dairi,20185391,0.0008557702192396139,0.938363905014002,174
Aceh,Bireuen,19889019,0.0008432053731379712,0.93920711038714,175
Kepulauan Riau,Batam,19770957,0.0008382000728381719,0.9400453104599782,176
Sulawesi Barat,Polewali Mandar,19170062,0.0008127248147225383,0.9408580352747007,177
Gorontalo,Boalemo,19000801,0.0008055489060131793,0.9416635841807138,178
Maluku,Buru Selatan,18876702,0.0008002876639377884,0.9424638718446516,179
Nusa Tenggara Barat,Sumbawa,18636508,0.000790104513557395,0.9432539763582091,180
Sumatera Utara,Deli Serdang,18545832,0.0007862602570651738,0.9440402366152743,181
Sumatera Barat,Agam,17982157,0.0007623629603355792,0.9448025995756099,182
Banten,Lebak,17709596,0.0007508075940448708,0.9455534071696547,183
Bengkulu,Rejang Lebong,17615704,0.0007468269935489555,0.9463002341632037,184
Sumatera Utara,Toba Samosir,17543231,0.0007437544627716744,0.9470439886259754,185
Kepulauan Riau,Natuna,17167032,0.0007278053092126611,0.9477717939351881,186
Sumatera Utara,Karo,17124304,0.0007259938332829817,0.948497787768471,187
Lampung,Tanggamus,17035562,0.0007222315697332807,0.9492200193382043,188
Sulawesi Tenggara,Buton Utara,17017208,0.0007214534422942865,0.9499414727804986,189
Lampung,Lampung Utara,16970837,0.0007194875194723626,0.9506609602999709,190
Lampung,Mesuji,16681591,0.000707224783871443,0.9513681850838424,191
Maluku,Seram Bagian Barat,16451111,0.0006974534636066858,0.9520656385474491,192
Sulawesi Utara,Bolaang Mongondow Selatan,16407998,0.0006956256654004447,0.9527612642128496,193
Aceh,Bener Meriah,16384318,0.0006946217394030936,0.9534558859522526,194
Nusa Tenggara Barat,Dompu,15743712,0.0006674629126522909,0.9541233488649049,195
Sulawesi Barat,Mamasa,15379166,0.0006520077941290518,0.954775356659034,196
Aceh,Aceh Besar,15238751,0.0006460548266916348,0.9554214114857257,197
Nusa Tenggara Barat,Bima,14585213,0.0006183477410304544,0.9560397592267561,198
Banten,Pandeglang,14577002,0.000617999631386694,0.9566577588581427,199
Kalimantan Selatan,Hulu Sungai Tengah,14257829,0.0006044681249528892,0.9572622269830956,200
Sulawesi Utara,Bolaang Mongondow Utara,14013559,0.0005941121704185598,0.9578563391535142,201
Sumatera Utara,Nias Selatan,13842384,0.0005868551166771515,0.9584431942701913,202
Kalimantan Selatan,Hulu Sungai Selatan,13616078,0.0005772607553276369,0.9590204550255189,203
Jawa Timur,Banyuwangi,13577671,0.0005756324704551597,0.959596087495974,204
Papua Barat,Teluk Wondama,13385620,0.0005674903677643975,0.9601635778637384,205
Maluku,Buru,13339972,0.0005655550969059906,0.9607291329606444,206
Maluku,Kepulauan Aru,13336621,0.0005654130295066189,0.9612945459901511,207
Bengkulu,Lebong,13229532,0.0005608729352865885,0.9618554189254377,208
Papua,Biak Numfor,12912204,0.0005474196485937092,0.9624028385740314,209
Kepulauan Riau,Bintan,12836715,0.0005442192529174412,0.9629470578269489,210
Lampung,Tulangbawang,12615485,0.0005348400912453992,0.9634818979181943,211
Sumatera Utara,Serdang Bedagai,12613315,0.0005347480929593244,0.9640166460111536,212
Sumatera Utara,Samosir,12595428,0.000533989764229822,0.9645506357753834,213
Jawa Barat,Sukabumi,12534976,0.0005314268700409765,0.9650820626454243,214
Aceh,Pidie,12420704,0.0005265822487753816,0.9656086448941996,215
Lampung,Lampung Selatan,12356317,0.0005238525282014189,0.966132497422401,216
Sulawesi Selatan,Sidenreng Rappang,12341154,0.0005232096848780308,0.9666557071072791,217
Kalimantan Selatan,Hulu Sungai Utara,12330246,0.0005227472345072916,0.9671784543417864,218
Maluku Utara,Halmahera Barat,12174808,0.0005161573591197815,0.9676946117009062,219
Maluku Utara,Pulau Morotai,11946221,0.0005064662935810795,0.9682010779944873,220
Jawa Timur,Jember,11904122,0.0005046814844357045,0.968705759478923,221
Sumatera Utara,Pakpak Barat,11774649,0.000499192408816827,0.9692049518877398,222
Kepulauan Riau,Karimun,11710516,0.0004964734567058426,0.9697014253444457,223
Sulawesi Selatan,Enrekang,11532448,0.0004889241706206953,0.9701903495150664,224
Sumatera Barat,Solok,11502475,0.0004876534495937274,0.9706780029646601,225
Papua Barat,Raja Ampat,11445415,0.00048523436102071866,0.9711632373256809,226
Nusa Tenggara Timur,Timor Tengah Selatan,11324900,0.0004801250645016836,0.9716433623901826,227
Aceh,Simeulue,11304521,0.00047926108612752756,0.9721226234763101,228
Lampung,Lampung Tengah,10961874,0.0004647343871742204,0.9725873578634843,229
Sulawesi Selatan,Pinrang,10416121,0.0004415969030174519,0.9730289547665018,230
Sumatera Selatan,Prabumulih,10405440,0.00044114407643055555,0.9734700988429323,231
Papua,Asmat,10389517,0.0004404690125092794,0.9739105678554416,232
Papua,Tolikara,10161880,0.0004308182227179373,0.9743413860781596,233
Nusa Tenggara Timur,Kupang,10019986,0.00042480255230120944,0.9747661886304608,234
Papua Barat,Maybrat,9750502,0.0004133776370364237,0.9751795662674972,235
Papua,Yalimo,9512955,0.00040330670760683216,0.975582872975104,236
Papua Barat,Tambrauw,9377106,0.0003975473181298841,0.975980420293234,237
Kalimantan Timur,Samarinda,9222875,0.0003910086141392829,0.9763714289073733,238
Sulawesi Utara,Bolaang Mongondow Timur,9180629,0.0003892175728519481,0.9767606464802252,239
Papua,Waropen,8871568,0.0003761147699521472,0.9771367612501773,240
Papua,Puncak,8543489,0.0003622056889857239,0.977498966939163,241
Lampung,Lampung Timur,8453239,0.00035837949298652945,0.9778573464321496,242
Sulawesi Selatan,Wajo,8173185,0.00034650645703795995,0.9782038528891875,243
Gorontalo,Bone Bolango,7970853,0.0003379284859697161,0.9785417813751572,244
Jawa Barat,Garut,7888876,0.0003344530281367415,0.978876234403294,245
Sumatera Utara,Nias Utara,7804577,0.0003308791278981144,0.979207113531192,246
Kalimantan Barat,Singkawang,7642051,0.00032398875303977565,0.9795311022842318,247
Aceh,Pidie Jaya,7460049,0.0003162726829650346,0.9798473749671969,248
Jawa Timur,Malang,7211017,0.0003057148409476231,0.9801530898081445,249
Riau,Pekanbaru,7164330,0.00030373552114026144,0.9804568253292848,250
Papua,Intan Jaya,7124241,0.00030203592699719545,0.980758861256282,251
Maluku,Maluku Barat Daya,7105743,0.0003012516946028121,0.9810601129508848,252
Sulawesi Utara,Minahasa Selatan,7103564,0.00030115931475702546,0.9813612722656418,253
Papua,Mamberamo Tengah,6991831,0.0002964223357256904,0.9816576946013675,254
Jawa Barat,Cianjur,6979616,0.0002959044744056886,0.9819535990757732,255
Sumatera Selatan,Lubuklinggau,6955521,0.00029488295426606986,0.9822484820300392,256
Lampung,Pesawaran,6909026,0.0002929117743992273,0.9825413938044385,257
Nusa Tenggara Timur,Sumba Timur,6884942,0.00029189072061036744,0.9828332845250489,258
Sumatera Barat,Padang Pariaman,6734042,0.0002854932361086673,0.9831187777611576,259
Sulawesi Selatan,Soppeng,6720742,0.0002849293756456281,0.9834037071368033,260
Papua,Puncak Jaya,6617515,0.0002805530129374969,0.9836842601497408,261
Sulawesi Utara,Minahasa Utara,6546338,0.0002775354267587195,0.9839617955764994,262
Maluku,Maluku Tenggara,6532886,0.00027696512217610273,0.9842387606986756,263
Sulawesi Barat,Majene,6447225,0.0002733334792344186,0.98451209417791,264
Papua,Jayawijaya,6445815,0.00027327370154623174,0.9847853678794563,265
Papua,Kota Jayapura,6403283,0.0002714705351391654,0.9850568384145955,266
Jawa Barat,Tasikmalaya,6153252,0.00026087033999374064,0.9853177087545892,267
Kalimantan Timur,Balikpapan,6061817,0.00025699390529915515,0.9855747026598884,268
Jawa Barat,Bogor,6010238,0.00025480718659065153,0.9858295098464791,269
Nusa Tenggara Timur,Sumba Barat Daya,5962581,0.0002527867431254592,0.9860822965896046,270
Lampung,Tulang Bawang Barat,5846665,0.0002478724236191698,0.9863301690132237,271
Jawa Barat,Ciamis,5817443,0.000246633541630378,0.986576802554854,272
Nusa Tenggara Timur,Manggarai Barat,5682594,0.0002409165476769667,0.986817719102531,273
Sulawesi Selatan,Kepulauan Selayar,5660837,0.00023999414827137697,0.9870577132508024,274
Sulawesi Selatan,Tana Toraja,5398440,0.00022886969008189642,0.9872865829408842,275
Papua,Lanny Jaya,5355778,0.0002270610122567703,0.987513643953141,276
Maluku Utara,Tidore Kepulauan,5169410,0.00021915984332626762,0.9877328037964673,277
Papua,Nduga,5165941,0.00021901277325511853,0.9879518165697224,278
Sulawesi Utara,Minahasa Tenggara,4964400,0.00021046833704599228,0.9881622849067684,279
Sumatera Barat,Tanah Datar,4894026,0.00020748479447261491,0.988369769701241,280
Sumatera Utara,Batu Bara,4845868,0.00020544311085013065,0.9885752128120912,281
Jawa Tengah,Cilacap,4798553,0.0002034371666539879,0.9887786499787451,282
Papua,Kepulauan Yapen,4747842,0.0002012872472599142,0.988979937226005,283
Nusa Tenggara Timur,Alor,4647948,0.00019705218883173106,0.9891769894148367,284
Bengkulu,Kepahiang,4562523,0.00019343055123360162,0.9893704199660702,285
Nusa Tenggara Timur,Manggarai Timur,4531986,0.00019213591913135896,0.9895625558852016,286
Nusa Tenggara Timur,Ende,4462476,0.00018918900629031734,0.9897517448914919,287
Nusa Tenggara Timur,Flores Timur,4444142,0.000188411726761794,0.9899401566182536,288
Sulawesi Selatan,Gowa,4388236,0.00018604156262294678,0.9901261981808765,289
Papua,Dogiyai,4365819,0.00018509118217182279,0.9903112893630484,290
Nusa Tenggara Timur,Timor Tengah Utara,4191828,0.00017771474263613484,0.9904890041056845,291
Nusa Tenggara Barat,Sumbawa Barat,4165961,0.00017661809762880892,0.9906656222033133,292
Jawa Barat,Sumedang,4143793,0.0001756782736630456,0.9908413004769764,293
Sulawesi Selatan,Maros,4115750,0.00017448937599650366,0.9910157898529729,294
Jawa Tengah,Blora,4113228,0.0001743824544861439,0.9911901723074591,295
Jawa Timur,Bondowoso,4097564,0.00017371837100546377,0.9913638906784645,296
Sulawesi Utara,Minahasa,4059304,0.00017209631827494655,0.9915359869967395,297
Nusa Tenggara Timur,Belu,3972640,0.00016842215262315502,0.9917044091493626,298
Lampung,Pringsewu,3953687,0.00016761863026556242,0.9918720277796282,299
Sulawesi Utara,Kepulauan Talaud,3950972,0.00016750352641916005,0.9920395313060474,300
Jawa Tengah,Grobogan,3919413,0.0001661655660918628,0.9922056968721392,301
Nusa Tenggara Barat,Lombok Barat,3896952,0.00016521332023770318,0.9923709101923769,302
Sumatera Utara,Nias,3874121,0.00016424538803983495,0.9925351555804167,303
Sulawesi Selatan,Bulukumba,3462283,0.00014678530041749443,0.9926819408808342,304
Jawa Tengah,Batang,3343952,0.00014176859572186367,0.9928237094765561,305
Sulawesi Tenggara,Kendari,3328966,0.00014113325640614148,0.9929648427329623,306
Nusa Tenggara Timur,Sumba Barat,3322289,0.0001408501814954864,0.9931056929144577,307
Jawa Barat,Subang,3277498,0.00013895124360075047,0.9932446441580585,308
Sumatera Selatan,Pagar Alam,3273767,0.00013879306590243475,0.9933834372239609,309
Nusa Tenggara Timur,Sikka,3079668,0.0001305641371794692,0.9935140013611404,310
Papua,Paniai,3053435,0.00012945197541052887,0.9936434533365509,311
Jawa Timur,Lumajang,2980371,0.00012635438887883754,0.9937698077254298,312
Jawa Timur,Bojonegoro,2967648,0.00012581499063287908,0.9938956227160627,313
Jawa Timur,Tulungagung,2908812,0.00012332060761006906,0.9940189433236728,314
Jawa Timur,Trenggalek,2818269,0.00011948198972247837,0.9941384253133952,315
Jawa Timur,Ponorogo,2720015,0.00011531645995289556,0.9942537417733481,316
Sumatera Barat,Padang,2684383,0.000113805822658233,0.9943675475960063,317
Sulawesi Tenggara,Bau-Bau,2664435,0.0001129601167547213,0.9944805077127611,318
Sulawesi Selatan,Barru,2623665,0.00011123165126012677,0.9945917393640212,319
Kepulauan Riau,Kepulauan Anambas,2599804,0.00011022005167301565,0.9947019594156943,320
Sulawesi Selatan,Toraja Utara,2596706,0.00011008871034109871,0.9948120481260354,321
Jawa Timur,Blitar,2583794,0.00010954129934119181,0.9949215894253766,322
Jawa Tengah,Pemalang,2575280,0.00010918034385379965,0.9950307697692303,323
Jawa Tengah,Jepara,2561463,0.00010859456490509197,0.9951393643341354,324
Jawa Tengah,Brebes,2547751,0.00010801323748635562,0.9952473775716217,325
Kalimantan Selatan,Banjar Baru,2509962,0.00010641115304742424,0.9953537887246692,326
Jawa Barat,Bandung,2497909,0.00010590015980223542,0.9954596888844714,327
Nusa Tenggara Timur,Manggarai,2401626,0.0001018181916095436,0.995561507076081,328
Jawa Timur,Kediri,2276502,9.65134941225275e-05,0.9956580205702036,329
Kalimantan Timur,Bontang,2273510,9.638664671610545e-05,0.9957544072169197,330
Sumatera Barat,Sawahlunto,2225476,9.435022013853975e-05,0.9958487574370583,331
Jawa Tengah,Pekalongan,2191352,9.290351529337065e-05,0.9959416609523516,332
Jawa Timur,Ngawi,2135861,9.055094529679118e-05,0.9960322118976483,333
Maluku,Tual,2134290,9.04843419293149e-05,0.9961226962395776,334
Sulawesi Tengah,Palu,1882863,7.982496263303283e-05,0.9962025212022106,335
Bali,Jembrana,1858820,7.880564706063802e-05,0.9962813268492713,336
Jawa Tengah,Tegal,1849723,7.841997498302393e-05,0.9963597468242543,337
Sulawesi Utara,Bitung,1831377,7.764218670821815e-05,0.9964373890109626,338
Jawa Tengah,Kendal,1803345,7.645375539243513e-05,0.996513842766355,339
Jawa Barat,Purwakarta,1793799,7.604904772475303e-05,0.9965898918140798,340
Papua Barat,Kota Sorong,1781651,7.553402690482822e-05,0.9966654258409846,341
Papua,Deiyai,1763846,7.477917460825584e-05,0.9967402050155929,342
Jambi,Sungai Penuh,1722263,7.30162415530259e-05,0.9968132212571459,343
Sulawesi Selatan,Palopo,1712481,7.260152854178912e-05,0.9968858227856877,344
Jawa Timur,Probolinggo,1656921,7.02460332540856e-05,0.9969560688189418,345
Jawa Tengah,Banyumas,1599106,6.779493606080665e-05,0.9970238637550026,346
Sumatera Utara,Nias Barat,1578293,6.691255802943565e-05,0.9970907763130321,347
Nusa Tenggara Barat,Lombok Utara,1540445,6.530797225461558e-05,0.9971560842852867,348
Sumatera Selatan,Palembang,1516607,6.429734776454581e-05,0.9972203816330513,349
Jawa Timur,Nganjuk,1459884,6.189254648296902e-05,0.9972822741795342,350
Sulawesi Tenggara,Wakatobi,1432980,6.075193731773548e-05,0.9973430261168519,351
Bangka Belitung,Pangkalpinang,1389607,5.891311627537471e-05,0.9974019392331273,352
Sulawesi Selatan,Sinjai,1384801,5.870936338925694e-05,0.9974606485965165,353
Nusa Tenggara Timur,Ngada,1373150,5.821541314452992e-05,0.997518864009661,354
Jawa Barat,Majalengka,1325056,5.6176442835552e-05,0.9975750404524966,355
Jawa Timur,Sumenep,1268403,5.3774609240622785e-05,0.9976288150617372,356
Jawa Barat,Kuningan,1264234,5.359786230299795e-05,0.9976824129240401,357
Jambi,Jambi,1249173,5.2959343323010496e-05,0.9977353722673632,358
Jawa Tengah,Semarang,1248089,5.291338657549663e-05,0.9977882856539387,359
Jawa Timur,Madiun,1230135,5.2152217345917276e-05,0.9978404378712846,360
Nusa Tenggara Barat,Lombok Timur,1229626,5.213063802443705e-05,0.9978925685093091,361
Jawa Timur,Pacitan,1228122,5.206687515703773e-05,0.9979446353844661,362
Nusa Tenggara Barat,Lombok Tengah,1201449,5.09360593577412e-05,0.9979955714438238,363
Jawa Barat,Karawang,1200573,5.0898920879122976e-05,0.998046470364703,364
Kepulauan Riau,Tanjungpinang,1191479,5.051337598807949e-05,0.998096983740691,365
Sulawesi Utara,Siau Tagulandang Biaro,1185742,5.027015286954899e-05,0.9981472538935605,366
Nusa Tenggara Timur,Sumba Tengah,1178248,4.995244081616435e-05,0.9981972063343767,367
Jawa Timur,Tuban,1133439,4.8052739802004765e-05,0.9982452590741787,368
Jawa Barat,Bandung Barat,1120222,4.749239816741914e-05,0.9982927514723461,369
Nusa Tenggara Timur,Lembata,1120038,4.748459739108837e-05,0.9983402360697372,370
Bali,Buleleng,1092211,4.6304857157630385e-05,0.9983865409268948,371
Maluku,Ambon,1070351,4.537809101311637e-05,0.998431919017908,372
Bengkulu,Bengkulu,1068418,4.529614046611977e-05,0.9984772151583741,373
Jawa Tengah,Rembang,1033868,4.383137512792401e-05,0.998521046533502,374
Jawa Tengah,Pati,1032635,4.377910144740316e-05,0.9985648256349494,375
Jawa Barat,Indramayu,1032505,4.377359002934338e-05,0.9986085992249788,376
Papua,Supiori,1022921,4.3367271331766876e-05,0.9986519664963106,377
Banten,Serang,999802,4.238712922312005e-05,0.9986943536255337,378
Jawa Tengah,Boyolali,946282,4.0118120803431567e-05,0.9987344717463371,379
Sulawesi Selatan,Pangkajene Dan Kepulauan,945153,4.007025625735854e-05,0.9987745420025945,380
Sumatera Utara,Kota Tanjungbalai,903653,3.831084203058216e-05,0.9988128528446251,381
Sumatera Utara,Padangsidimpuan,902600,3.826619954429793e-05,0.9988511190441693,382
Sumatera Utara,Gunungsitoli,883956,3.7475777403478197e-05,0.9988885948215728,383
Nusa Tenggara Timur,Nagekeo,868546,3.682246238577641e-05,0.9989254172839586,384
Sulawesi Utara,Manado,866148,3.672079792033521e-05,0.998962138081879,385
Sulawesi Selatan,Bantaeng,862152,3.6551385408282236e-05,0.9989986894672872,386
Jawa Timur,Gresik,843990,3.578139790980723e-05,0.999034470865197,387
Jawa Timur,Situbondo,814802,3.454395736881569e-05,0.9990690148225658,388
Jawa Tengah,Wonogiri,813490,3.4488334441935435e-05,0.9991035031570078,389
Jawa Timur,Pasuruan,795638,3.373148955575683e-05,0.9991372346465636,390
Jawa Tengah,Karanganyar,791370,3.3550545461301854e-05,0.9991707851920248,391
Kalimantan Barat,Kota Pontianak,755965,3.204953195048214e-05,0.9992028347239753,392
Nusa Tenggara Timur,Rote Ndao,660196,2.7989355056888227e-05,0.9992308240790322,393
Jawa Tengah,Banjarnegara,640387,2.7149542131148147e-05,0.9992579736211633,394
Jawa Tengah,Temanggung,621595,2.6352845452844972e-05,0.9992843264666161,395
Jawa Tengah,Wonosobo,602456,2.554143752787453e-05,0.999309867904144,396
Jawa Timur,Lamongan,591444,2.507457802268751e-05,0.9993349424821667,397
Jawa Timur,Magetan,552272,2.3413860574704747e-05,0.9993583563427414,398
Bali,Bangli,548835,2.3268147160308832e-05,0.9993816244899018,399
Jawa Tengah,Kebumen,541921,2.2975024510575535e-05,0.9994045995144123,400
Aceh,Langsa,521361,2.2103372546659332e-05,0.999426702886959,401
Bali,Tabanan,519197,2.201162863372574e-05,0.9994487145155927,402
Aceh,Sabang,517793,2.19521053186801e-05,0.9994706666209113,403
Jawa Tengah,Kota Semarang,499990,2.11973378131548e-05,0.9994918639587245,404
Sulawesi Selatan,Takalar,493029,2.0902222573815272e-05,0.9995127661812983,405
Bali,Karangasem,476541,2.0203205181740836e-05,0.99953296938648,406
Jawa Timur,Mojokerto,445759,1.8898186176231666e-05,0.9995518675726562,407
Yogyakarta,Gunung Kidul,426981,1.8102083035258005e-05,0.9995699696556914,408
Jawa Tengah,Sragen,423857,1.7969639419729103e-05,0.9995879392951111,409
Jawa Timur,Jombang,408855,1.7333621775630323e-05,0.9996052729168867,410
Jawa Barat,Cirebon,389331,1.6505891574098223e-05,0.9996217788084608,411
Bali,Badung,377436,1.6001596821628222e-05,0.9996377804052824,412
Sumatera Utara,Pematangsiantar,368599,1.5626947580133695e-05,0.9996534073528626,413
Jawa Tengah,Purbalingga,366139,1.5522654592233213e-05,0.9996689300074548,414
Sumatera Barat,Kota Solok,351180,1.4888459955646518e-05,0.9996838184674105,415
Nusa Tenggara Barat,Kota Bima,329773,1.3980898983294661e-05,0.9996977993663938,416
Bali,Gianyar,324081,1.3739583663323307e-05,0.9997115389500572,417
Sulawesi Selatan,Jeneponto,319524,1.35463872625662e-05,0.9997250853373197,418
Aceh,Lhokseumawe,317947,1.3479529521948696e-05,0.9997385648668417,419
Yogyakarta,Sleman,296841,1.258472960218141e-05,0.9997511495964438,420
Maluku Utara,Ternate,286569,1.2149242784411604e-05,0.9997632988392282,421
Jawa Tengah,Magelang,278196,1.1794265065838142e-05,0.999775093104294,422
Jawa Tengah,Purworejo,276937,1.1740889101705334e-05,0.9997868339933957,423
Jawa Timur,Bangkalan,276390,1.1717698750330717e-05,0.999798551692146,424
Jawa Tengah,Sukoharjo,273156,1.1580591627212769e-05,0.9998101322837732,425
Lampung,Bandar Lampung,270776,1.1479690281195232e-05,0.9998216119740544,426
Jawa Timur,Batu,234556,9.944124418693047e-06,0.9998315560984731,427
Jawa Barat,Kota Tasikmalaya,230818,9.785649951712563e-06,0.9998413417484248,428
Sumatera Utara,Kota Medan,216481,9.177825330765743e-06,0.9998505195737555,429
Sulawesi Selatan,Parepare,214371,9.088370776103137e-06,0.9998596079445315,430
Sulawesi Utara,Tomohon,209224,8.870161016459328e-06,0.999868478105548,431
Sumatera Barat,Pariaman,204057,8.651103346344785e-06,0.9998771292088944,432
Sulawesi Utara,Kotamobagu,199848,8.472660587778476e-06,0.9998856018694822,433
Jawa Barat,Banjar,168094,7.1264331333915536e-06,0.9998927283026156,434
Gorontalo,Kota Gorontalo,152365,6.459593943681535e-06,0.9998991878965592,435
Bali,Klungkung,151176,6.409185666196304e-06,0.9999055970822254,436
Kalimantan Selatan,Banjarmasin,133342,5.6531038994413634e-06,0.9999112501861248,437
Nusa Tenggara Timur,Sabu Raijua,122235,5.182216819518344e-06,0.9999164324029444,438
Sumatera Barat,Payakumbuh,117376,4.976216970653129e-06,0.999921408619915,439
Jawa Timur,Sampang,115019,4.876290721676937e-06,0.9999262849106366,440
Sumatera Utara,Kota Binjai,113798,4.824525787438528e-06,0.999931109436424,441
Jawa Tengah,Klaten,108349,4.593512579686613e-06,0.9999357029490037,442
Jawa Barat,Bekasi,107469,4.556204518974246e-06,0.9999402591535227,443
Yogyakarta,Kulon Progo,106260,4.504948331018278e-06,0.9999447641018537,444
Jawa Tengah,Demak,93659,3.970722338931309e-06,0.9999487348241927,445
Sumatera Utara,Tebingtinggi,93351,3.957664517681981e-06,0.9999526924887103,446
Nusa Tenggara Timur,Kota Kupang,88018,3.7315691906603315e-06,0.999956424057901,447
Sulawesi Utara,Kepulauan Sangihe,85845,3.6394437180149076e-06,0.999960063501619,448
Sumatera Utara,Lake Toba,85711,3.633762717860979e-06,0.9999636972643369,449
Yogyakarta,Bantul,83668,3.547148663275337e-06,0.9999672444130001,450
Jawa Tengah,Salatiga,81961,3.4747795045980526e-06,0.9999707191925047,451
Banten,Kota Serang,78005,3.30706281348655e-06,0.9999740262553182,452
Jawa Tengah,Kudus,69419,2.9430548483997537e-06,0.9999769693101666,453
Banten,Tangerang,62637,2.65552840777331e-06,0.9999796248385743,454
Sumatera Utara,Sibolga,47967,2.0335860774887423e-06,0.9999816584246518,455
Sulawesi Selatan,Makassar,40635,1.7227420989170689e-06,0.9999833811667507,456
Bali,Denpasar,31984,1.355978424800382e-06,0.9999847371451754,457
Jawa Timur,Kota Malang,29815,1.2640225342491057e-06,0.9999860011677096,458
Jawa Timur,Sidoarjo,29282,1.2414257202040017e-06,0.9999872425934299,459
Sumatera Barat,Bukittinggi,29210,1.2383732425093535e-06,0.9999884809666724,460
Banten,Cilegon,29109,1.2340912946321387e-06,0.999989715057967,461
Jawa Barat,Kota Bandung,24445,1.0363585728565953e-06,0.9999907514165398,462
Aceh,Banda Aceh,22871,9.69628018809703e-07,0.9999917210445586,463
Jawa Barat,Depok,21405,9.07476181304783e-07,0.9999926285207399,464
Lampung,Metro,16803,7.123719819885199e-07,0.9999933408927218,465
Jawa Timur,Pamekasan,15115,6.408083382584348e-07,0.9999939817010601,466
Sumatera Barat,Padang Panjang,14617,6.196953675371181e-07,0.9999946013964277,467
Jawa Barat,Kota Bogor,14561,6.173212182190584e-07,0.999995218717646,468
Gorontalo,Danau Limboto,13036,5.526680448254684e-07,0.9999957713856907,469
Jawa Barat,Kota Bekasi,10840,4.595674751386988e-07,0.9999962309531659,470
Jawa Timur,Surabaya,8854,3.7536996539465307e-07,0.9999966063231314,471
Jawa Barat,Waduk Cirata,8420,3.569703081796904e-07,0.9999969632934396,472
Jawa Timur,Kota Blitar,8262,3.502718154608791e-07,0.999997313565255,473
Jawa Barat,Kota Sukabumi,8262,3.502718154608791e-07,0.9999976638370704,474
Jawa Timur,Kota Kediri,7717,3.2716625513333384e-07,0.9999979910033255,475
Jawa Timur,Kota Madiun,5944,2.519989919026223e-07,0.9999982430023174,476
Jawa Timur,Kota Pasuruan,5014,2.125711550134166e-07,0.9999984555734724,477
Jawa Timur,Kota Probolinggo,4736,2.0078519947019166e-07,0.9999986563586719,478
Banten,Tangerang Selatan,4649,1.9709678892249176e-07,0.9999988534554608,479
Nusa Tenggara Barat,Mataram,4389,1.8607395280292888e-07,0.9999990395294136,480
Jakarta Raya,Jakarta Timur,3549,1.504617130320334e-07,0.9999991899911266,481
Jawa Tengah,Kota Pekalongan,2968,1.2582991385716403e-07,0.9999993158210404,482
Banten,Kota Tangerang,2597,1.1010117462501853e-07,0.999999425922215,483
Jawa Tengah,Waduk Kedungombo,2085,8.8394666574187e-08,0.9999995143168816,484
Jakarta Raya,Jakarta Barat,2043,8.661405458564221e-08,0.9999996009309362,485
Jawa Tengah,Kota Magelang,1960,8.309522613208946e-08,0.9999996840261623,486
Jawa Barat,Cimahi,1933,8.195054699659638e-08,0.9999997659767094,487
Jakarta Raya,Jakarta Utara,1140,4.833089683192958e-08,0.9999998143076062,488
Jawa Barat,Kota Cirebon,1026,4.349780714873662e-08,0.9999998578054133,489
Jawa Tengah,Surakarta,892,3.7816806994808054e-08,0.9999998956222204,490
Jakarta Raya,Jakarta Selatan,826,3.501870244138055e-08,0.9999999306409229,491
Jawa Timur,Kota Mojokerto,607,2.573408278682566e-08,0.9999999563750056,492
Sumatera Barat,Danau,444,1.882361245033047e-08,0.999999975198618,493
Jawa Tengah,Kota Tegal,364,1.543197056738804e-08,0.9999999906305886,494
Yogyakarta,Kota Yogyakarta,221,9.369410701628454e-09,0.9999999999999993,495
Jakarta Raya,Kepulauan Seribu,0,0.0,0.9999999999999993,496
Jakarta Raya,Jakarta Pusat,0,0.0,0.9999999999999993,497
