feature,mean_abs_shap,interp_model_R2_unseen_kab
Permanent agriculture,1.9639508935516459,0.9580379316810447
umd_tree_cover_extent_2000__ha,0.252049629786175,0.9580379316810447
Shifting cultivation,0.21600661675118238,0.9580379316810447
Settlements & Infrastructure,0.21268185789103045,0.9580379316810447
Logging,0.17536577521421842,0.9580379316810447
Wildfire,0.08924497632342768,0.9580379316810447
primary_share,0.07564350231292281,0.9580379316810447
Other natural disturbances,0.0705770446619496,0.9580379316810447
avg_gfw_aboveground_carbon_stocks_2000__Mg_C_ha-1,0.054307388122456265,0.9580379316810447
Hard commodities,0.0433009792360904,0.9580379316810447
remaining_frac,0.03830238430947696,0.9580379316810447
